Customer_ID,Customer_Name,Total_Rentals,Total_Revenue,Avg_Spending_Per_Rental,Total_Categories_Rented,Most_Frequent_Category,Total_Late_Fees,First_Rental_Date,Last_Rental_Date,Total_Payments,Customer_City,Customer_Country
1,"MARY SMITH",32,118.68,3.71,14,Classics,12.50,"2005-05-25 11:30:37","2005-08-22 20:03:46",32,Sasebo,Japan
2,"PATRICIA JOHNSON",27,128.73,4.77,13,Sports,23.00,"2005-05-27 00:09:24","2005-08-23 17:39:35",27,"San Bernardino","United States"
3,"LINDA WILLIAMS",26,135.74,5.22,13,Action,25.00,"2005-05-27 17:17:09","2005-08-23 07:10:14",26,Athenai,Greece
4,"BARBARA JONES",22,81.78,3.72,14,Horror,9.00,"2005-06-15 09:31:28","2005-08-23 07:43:00",22,Myingyan,Myanmar
5,"ELIZABETH BROWN",38,144.62,3.81,15,Classics,22.50,"2005-05-29 07:25:16","2006-02-14 15:16:03",38,Nantou,Taiwan
6,"JENNIFER DAVIS",28,93.72,3.35,13,Drama,19.00,"2005-05-25 08:43:32","2005-08-23 06:41:32",28,Laredo,"United States"
7,"MARIA MILLER",33,151.67,4.60,14,Animation,26.50,"2005-05-25 06:04:08","2005-08-21 04:49:48",33,Kragujevac,Yugoslavia
8,"SUSAN WILSON",24,92.76,3.87,12,Drama,11.50,"2005-05-30 03:43:54","2005-08-23 14:31:19",24,Hamilton,"New Zealand"
9,"MARGARET MOORE",23,89.77,3.90,11,Foreign,10.50,"2005-05-27 05:01:28","2006-02-14 15:16:03",23,Masqat,Oman
10,"DOROTHY TAYLOR",25,99.75,3.99,13,Games,17.50,"2005-05-31 19:36:30","2005-08-22 21:59:29",25,Esfahan,Iran
11,"LISA ANDERSON",24,106.76,4.45,12,Games,19.50,"2005-05-30 22:59:12","2006-02-14 15:16:03",24,Sagamihara,Japan
12,"NANCY THOMAS",28,103.72,3.70,12,Drama,18.00,"2005-05-30 23:08:03","2005-08-23 20:28:44",28,"Yamuna Nagar",India
13,"KAREN JACKSON",27,131.73,4.88,11,Classics,23.50,"2005-06-17 06:54:42","2005-08-22 20:51:24",27,Osmaniye,Turkey
14,"BETTY WHITE",28,117.72,4.20,13,Games,19.00,"2005-05-26 00:37:28","2006-02-14 15:16:03",28,"Citrus Heights","United States"
15,"HELEN HARRIS",32,134.68,4.21,13,Foreign,15.50,"2005-06-18 21:26:56","2006-02-14 15:16:03",32,Bhopal,India
16,"SANDRA MARTIN",28,118.72,4.24,13,Sports,14.50,"2005-05-27 03:07:10","2005-08-21 14:45:34",28,Southend-on-Sea,"United Kingdom"
17,"DONNA THOMPSON",21,98.79,4.70,9,Foreign,15.00,"2005-05-26 19:44:54","2005-08-23 12:41:38",21,Elista,"Russian Federation"
18,"CAROL GARCIA",22,91.78,4.17,14,Classics,9.00,"2005-05-25 06:44:53","2005-08-20 01:29:29",22,Kaduna,Nigeria
19,"RUTH MARTINEZ",24,125.76,5.24,12,Sports,22.00,"2005-05-25 01:10:47","2005-08-23 03:46:47",24,Kimberley,"South Africa"
20,"SHARON ROBINSON",30,115.70,3.86,14,New,15.00,"2005-05-26 07:27:36","2005-08-23 01:10:42",30,Mardan,Pakistan
21,"MICHELLE CLARK",35,155.65,4.45,15,Sci-Fi,29.50,"2005-05-26 15:42:20","2006-02-14 15:16:03",35,Tangail,Bangladesh
22,"LAURA RODRIGUEZ",22,113.78,5.17,12,Foreign,17.00,"2005-05-27 07:49:43","2006-02-14 15:16:03",22,Salé,Morocco
23,"SARAH LEWIS",30,119.70,3.99,12,Sci-Fi,18.00,"2005-05-25 21:20:03","2006-02-14 15:16:03",30,Liepaja,Latvia
24,"KIMBERLY LEE",25,95.75,3.83,14,Animation,12.50,"2005-05-31 01:02:28","2005-08-22 21:28:59",25,Córdoba,Argentina
25,"DEBORAH WALKER",29,115.71,3.99,14,Action,11.50,"2005-05-25 14:31:25","2005-08-23 20:00:30",29,Shikarpur,Pakistan
26,"JESSICA HALL",34,152.66,4.49,14,Documentary,26.50,"2005-05-29 16:59:44","2005-08-23 11:16:29",34,"Città del Vaticano","Holy See (Vatican City State)"
27,"SHIRLEY ALLEN",31,126.69,4.09,13,Foreign,20.00,"2005-05-29 16:03:03","2005-08-22 10:00:04",31,Davao,Philippines
28,"CYNTHIA YOUNG",32,111.68,3.49,16,Drama,13.00,"2005-05-27 10:37:27","2006-02-14 15:16:03",32,"Munger (Monghyr)",India
29,"ANGELA HERNANDEZ",36,140.64,3.91,15,Children,17.50,"2005-05-26 06:52:33","2006-02-14 15:16:03",36,Shimonoseki,Japan
30,"MELISSA KING",34,123.66,3.64,15,Drama,19.00,"2005-06-17 02:39:20","2005-08-23 15:17:14",34,Lungtan,Taiwan
31,"BRENDA WRIGHT",26,104.74,4.03,12,Classics,13.50,"2005-06-16 10:05:40","2005-08-23 14:58:06",26,Kamarhati,India
32,"AMY LOPEZ",29,127.71,4.40,13,Family,17.50,"2005-05-27 23:00:25","2005-08-21 16:32:32",29,Jhansi,India
33,"ANNA HILL",21,91.79,4.37,14,Comedy,12.50,"2005-05-26 02:28:36","2006-02-14 15:16:03",21,Alessandria,Italy
34,"REBECCA SCOTT",24,89.76,3.74,12,Games,9.00,"2005-06-17 04:29:58","2005-08-21 20:54:32",24,Kurashiki,Japan
35,"VIRGINIA GREEN",32,129.68,4.05,13,Sci-Fi,22.00,"2005-05-25 06:05:20","2005-08-21 22:25:09",32,Toulouse,France
36,"KATHLEEN ADAMS",27,92.73,3.43,13,Music,10.00,"2005-05-27 04:53:11","2005-08-23 08:42:40",27,Arak,Iran
37,"PAMELA BAKER",23,95.77,4.16,11,Comedy,18.50,"2005-05-25 03:21:20","2005-08-23 22:08:04",23,Nanyang,China
38,"MARTHA GONZALEZ",34,127.66,3.75,13,Children,20.00,"2005-06-15 05:55:40","2005-08-23 11:55:50",34,Chisinau,Moldova
39,"DEBRA NELSON",29,141.71,4.89,15,New,27.50,"2005-06-16 07:49:08","2005-08-22 12:51:38",29,"Vila Velha",Brazil
40,"AMANDA CARTER",27,110.73,4.10,13,Games,22.00,"2005-05-25 21:19:53","2005-08-22 16:06:49",27,Nador,Morocco
41,"STEPHANIE MITCHELL",25,118.75,4.75,11,Animation,17.00,"2005-06-19 03:24:17","2006-02-14 15:16:03",25,Yerevan,Armenia
42,"CAROLYN PEREZ",30,117.70,3.92,16,Sci-Fi,20.00,"2005-05-28 17:46:57","2006-02-14 15:16:03",30,"Pak Kret",Thailand
43,"CHRISTINE ROBERTS",24,99.76,4.16,12,New,6.00,"2005-05-25 20:26:42","2006-02-14 15:16:03",24,Faaa,"French Polynesia"
44,"MARIE TURNER",26,114.74,4.41,12,Animation,12.50,"2005-05-25 03:47:12","2006-02-14 15:16:03",26,Lipetsk,"Russian Federation"
45,"JANET PHILLIPS",27,127.73,4.73,13,Action,17.50,"2005-05-26 17:32:11","2005-08-23 22:13:04",27,Antofagasta,Chile
46,"CATHERINE CAMPBELL",34,142.66,4.20,15,Animation,14.50,"2005-05-27 12:57:55","2005-08-23 12:47:26",34,Moscow,"Russian Federation"
47,"FRANCES PARKER",22,108.78,4.94,10,Action,21.50,"2005-05-26 03:46:26","2005-08-23 15:39:18",22,"Juazeiro do Norte",Brazil
48,"ANN EVANS",17,76.83,4.52,10,Music,15.00,"2005-05-25 10:52:13","2005-08-22 17:27:23",17,Niznekamsk,"Russian Federation"
49,"JOYCE EDWARDS",28,130.72,4.67,13,Family,18.50,"2005-05-25 16:32:19","2005-08-21 20:02:18",28,Jedda,"Saudi Arabia"
50,"DIANE COLLINS",35,169.65,4.85,14,Drama,28.50,"2005-05-29 11:32:15","2005-08-23 21:25:03",35,Omdurman,Sudan
51,"ALICE STEWART",33,138.67,4.20,13,Action,20.00,"2005-05-25 19:37:02","2005-08-22 04:31:50",33,Fontana,"United States"
52,"JULIE SANCHEZ",29,107.71,3.71,15,Documentary,17.50,"2005-05-30 05:36:21","2006-02-14 15:16:03",29,"A Coruña (La Coruña)",Spain
53,"HEATHER MORRIS",30,115.70,3.86,13,Classics,11.00,"2005-05-25 14:13:54","2006-02-14 15:16:03",30,Nagareyama,Japan
54,"TERESA ROGERS",29,128.71,4.44,12,Animation,17.00,"2005-05-26 07:03:49","2005-08-23 05:20:36",29,Iwakuni,Japan
55,"DORIS REED",22,100.78,4.58,14,Games,8.50,"2005-05-28 08:31:14","2005-08-22 19:37:20",22,Balašiha,"Russian Federation"
56,"GLORIA COOK",30,135.70,4.52,14,Comedy,22.00,"2005-05-25 21:21:56","2006-02-14 15:16:03",30,Papeete,"French Polynesia"
57,"EVELYN MORGAN",28,114.72,4.10,12,Action,19.50,"2005-05-26 00:41:10","2005-08-23 16:24:24",28,Vaduz,Liechtenstein
58,"JEAN BELL",27,115.73,4.29,14,Comedy,16.50,"2005-05-26 11:31:50","2006-02-14 15:16:03",27,Kuching,Malaysia
59,"CHERYL MURPHY",27,133.73,4.95,13,New,26.50,"2005-05-26 08:34:41","2005-08-23 17:33:04",27,Mysore,India
60,"MILDRED BAILEY",25,98.75,3.95,14,Action,15.00,"2005-05-26 23:37:39","2006-02-14 15:16:03",25,Jaipur,India
61,"KATHERINE RIVERA",14,58.86,4.20,10,Sci-Fi,14.50,"2005-05-31 22:47:45","2005-08-23 09:35:34",14,Basel,Switzerland
62,"JOAN COOPER",23,84.77,3.69,13,Games,12.00,"2005-05-30 06:54:28","2005-08-23 06:11:52",23,"Saint Louis","United States"
63,"ASHLEY RICHARDSON",25,112.75,4.51,14,New,19.00,"2005-06-16 21:30:34","2005-08-22 17:30:25",25,Lincoln,"United States"
64,"JUDITH COX",33,100.67,3.05,14,Documentary,15.00,"2005-05-28 00:39:31","2006-02-14 15:16:03",33,Daxian,China
65,"ROSE HOWARD",22,103.78,4.72,12,Animation,21.00,"2005-05-26 20:33:20","2005-08-21 09:08:51",22,Cayenne,"French Guiana"
66,"JANICE WARD",34,144.66,4.25,15,Games,19.50,"2005-05-30 13:08:45","2005-08-23 06:23:26",34,Malmö,Sweden
67,"KELLY TORRES",22,99.78,4.54,12,Games,14.00,"2005-05-27 02:22:26","2005-08-22 11:19:22",22,Xi´angtan,China
68,"NICOLE PETERSON",22,94.78,4.31,12,Family,14.50,"2005-06-16 22:04:34","2005-08-23 03:36:26",22,Shivapuri,India
69,"JUDY GRAY",25,96.75,3.87,13,Sci-Fi,18.00,"2005-05-28 11:49:00","2006-02-14 15:16:03",25,Béchar,Algeria
70,"CHRISTINA RAMIREZ",18,80.82,4.49,11,Sports,10.50,"2005-05-31 06:24:44","2005-08-23 07:06:38",18,al-Hawiya,"Saudi Arabia"
71,"KATHY JAMES",30,129.70,4.32,14,Music,15.00,"2005-05-26 07:11:58","2005-08-23 20:44:36",30,Baybay,Philippines
72,"THERESA WATSON",30,99.70,3.32,14,Horror,12.00,"2005-05-29 15:08:41","2005-08-22 13:57:55",30,Taguig,Philippines
73,"BEVERLY BROOKS",24,97.76,4.07,11,Children,9.00,"2005-05-25 10:15:23","2006-02-14 15:16:03",24,Chiayi,Taiwan
74,"DENISE KELLY",27,103.73,3.84,13,Sci-Fi,19.50,"2005-05-31 16:37:36","2005-08-23 22:26:47",27,"Rio Claro",Brazil
75,"TAMMY SANDERS",41,155.59,3.79,16,Family,20.50,"2005-05-26 04:46:23","2006-02-14 15:16:03",41,Changhwa,Taiwan
76,"IRENE PRICE",23,77.77,3.38,11,Drama,13.50,"2005-05-28 10:44:28","2005-08-23 05:17:23",23,Pavlodar,Kazakstan
77,"JANE BENNETT",28,100.72,3.60,12,Games,17.50,"2005-05-26 23:52:13","2005-08-22 21:34:00",28,Araçatuba,Brazil
78,"LORI WOOD",31,141.69,4.57,12,Sports,25.50,"2005-06-18 02:19:21","2005-08-23 22:18:51",31,"Rae Bareli",India
79,"RACHEL BARNES",22,84.78,3.85,10,Sci-Fi,8.50,"2005-05-30 00:28:41","2005-08-21 03:14:27",22,Kamakura,Japan
80,"MARILYN ROSS",30,137.70,4.59,15,New,24.00,"2005-06-19 05:48:26","2006-02-14 15:16:03",30,Ife,Nigeria
81,"ANDREA HENDERSON",22,93.78,4.26,10,Horror,12.00,"2005-05-26 20:01:09","2005-08-23 16:45:28",22,Mahajanga,Madagascar
82,"KATHRYN COLEMAN",26,130.74,5.03,14,Action,29.50,"2005-05-25 23:59:03","2005-08-23 03:12:54",26,Simferopol,Ukraine
83,"LOUISE JENKINS",25,101.75,4.07,13,Sci-Fi,14.50,"2005-05-26 10:14:38","2006-02-14 15:16:03",25,Springs,"South Africa"
84,"SARA PERRY",33,141.67,4.29,14,Animation,19.50,"2005-05-27 13:57:39","2005-08-22 18:16:50",33,Atlixco,Mexico
85,"ANNE POWELL",23,87.77,3.82,12,Comedy,11.50,"2005-05-29 00:54:53","2005-08-20 10:25:12",23,Bradford,"United Kingdom"
86,"JACQUELINE LONG",33,148.67,4.51,15,Drama,21.00,"2005-05-25 09:35:12","2005-08-23 18:45:06",33,Songkhla,Thailand
87,"WANDA PATTERSON",30,145.70,4.86,13,Sports,23.00,"2005-05-27 19:27:54","2006-02-14 15:16:03",30,Sincelejo,Colombia
88,"BONNIE HUGHES",21,87.79,4.18,13,Travel,16.50,"2005-05-25 04:36:26","2005-08-23 17:13:01",21,Cheju,"South Korea"
89,"JULIA FLORES",32,134.68,4.21,15,Action,21.50,"2005-05-25 23:34:53","2005-08-23 15:38:34",32,"La Plata",Argentina
90,"RUBY WASHINGTON",28,110.72,3.95,12,Animation,17.50,"2005-06-17 13:24:43","2005-08-23 09:16:39",28,Meixian,China
91,"LOIS BUTLER",35,113.65,3.25,15,Sports,16.50,"2005-05-26 09:17:43","2006-02-14 15:16:03",35,"Bandar Seri Begawan",Brunei
92,"TINA SIMMONS",28,133.72,4.78,13,Drama,20.00,"2005-05-26 16:22:01","2005-08-22 07:53:14",28,Goiânia,Brazil
93,"PHYLLIS FOSTER",23,91.77,3.99,12,Classics,14.50,"2005-05-25 19:07:40","2005-08-23 17:48:30",23,Zalantun,China
94,"NORMA GONZALES",21,79.79,3.80,13,Family,12.50,"2005-05-25 21:10:40","2006-02-14 15:16:03",21,Bislig,Philippines
95,"PAULA BRYANT",18,77.82,4.32,11,Action,12.00,"2005-05-28 00:09:56","2005-08-21 03:51:52",18,Pathankot,India
96,"DIANA ALEXANDER",27,105.73,3.92,13,Documentary,9.50,"2005-06-15 07:11:39","2005-08-23 20:24:36",27,"Augusta-Richmond County","United States"
97,"ANNIE RUSSELL",18,58.82,3.27,10,New,3.50,"2005-06-17 17:14:00","2005-08-22 08:20:15",18,Tete,Mozambique
98,"LILLIAN GRIFFIN",25,106.75,4.27,14,Sports,17.00,"2005-05-26 08:48:49","2005-08-23 03:58:28",25,al-Ayn,"United Arab Emirates"
99,"EMILY DIAZ",24,91.76,3.82,12,Sports,14.00,"2005-05-30 03:54:43","2006-02-14 15:16:03",24,Kimchon,"South Korea"
100,"ROBIN HAYES",24,102.76,4.28,12,Classics,14.50,"2005-05-25 10:26:39","2006-02-14 15:16:03",24,Jelets,"Russian Federation"
101,"PEGGY MYERS",24,96.76,4.03,10,Animation,16.50,"2005-05-27 21:13:10","2006-02-14 15:16:03",24,Abha,"Saudi Arabia"
102,"CRYSTAL FORD",33,137.67,4.17,14,Sci-Fi,25.50,"2005-05-26 14:01:05","2005-08-23 21:59:26",33,Ashdod,Israel
103,"GLADYS HAMILTON",31,146.69,4.73,15,Animation,23.00,"2005-05-26 12:40:23","2005-08-23 22:43:07",31,Ilorin,Nigeria
104,"RITA GRAHAM",24,92.76,3.87,13,Action,18.50,"2005-05-26 02:26:23","2005-08-22 15:52:57",24,Toulon,France
105,"DAWN SULLIVAN",26,120.74,4.64,10,Children,20.50,"2005-05-27 01:18:57","2005-08-23 14:27:07",26,Funafuti,Tuvalu
106,"CONNIE WALLACE",23,100.77,4.38,13,Horror,15.00,"2005-05-28 07:53:38","2005-08-22 14:27:37",23,Ivanovo,"Russian Federation"
107,"FLORENCE WOODS",30,126.70,4.22,12,Sci-Fi,18.50,"2005-05-26 03:11:12","2006-02-14 15:16:03",30,Merlo,Argentina
108,"TRACY COLE",30,132.70,4.42,14,Comedy,16.50,"2005-05-25 17:54:12","2006-02-14 15:16:03",30,Huixquilucan,Mexico
109,"EDNA WEST",26,107.74,4.14,15,Sci-Fi,18.00,"2005-05-26 07:27:57","2005-08-23 09:23:36",26,Klerksdorp,"South Africa"
110,"TIFFANY JORDAN",14,59.86,4.28,9,Drama,10.00,"2005-05-28 03:10:10","2005-08-22 22:28:36",14,Enshi,China
111,"CARMEN OWENS",26,97.74,3.76,11,Action,15.00,"2005-05-28 02:06:37","2006-02-14 15:16:03",26,Caracas,Venezuela
112,"ROSA REYNOLDS",30,133.70,4.46,13,Classics,19.00,"2005-05-27 11:47:04","2005-08-23 12:47:05",30,Lancaster,"United States"
113,"CINDY FISHER",29,113.71,3.92,16,Documentary,18.50,"2005-05-28 02:52:14","2005-08-23 13:18:16",29,Cumaná,Venezuela
114,"GRACE ELLIS",33,139.67,4.23,15,Foreign,13.50,"2005-05-26 07:59:37","2006-02-14 15:16:03",33,Duisburg,Germany
115,"WENDY HARRISON",30,91.70,3.06,13,Classics,12.00,"2005-05-30 11:20:27","2006-02-14 15:16:03",30,Nezahualcóyotl,Mexico
116,"VICTORIA GIBSON",27,111.73,4.14,14,Family,15.50,"2005-05-31 08:04:17","2005-08-22 04:44:09",27,Pemalang,Indonesia
117,"EDITH MCDONALD",19,71.81,3.78,11,Action,8.50,"2005-05-29 02:18:54","2005-08-23 00:26:52",19,Gandhinagar,India
118,"KIM CRUZ",21,82.79,3.94,12,Games,11.00,"2005-05-27 05:39:03","2005-08-23 11:33:25",21,"Grand Prairie","United States"
119,"SHERRY MARSHALL",34,153.66,4.52,14,Sci-Fi,25.00,"2005-05-25 09:41:01","2005-08-23 21:52:56",34,"Shubra al-Khayma",Egypt
120,"SYLVIA ORTIZ",32,143.68,4.49,13,Family,25.00,"2005-05-25 09:47:31","2006-02-14 15:16:03",32,"Dos Quebradas",Colombia
121,"JOSEPHINE GOMEZ",26,109.74,4.22,14,Action,20.00,"2005-05-26 09:24:26","2005-08-23 22:20:26",26,Etawah,India
122,"THELMA MURRAY",32,126.68,3.96,12,Horror,19.50,"2005-05-30 01:43:31","2005-08-21 19:51:09",32,Lima,Peru
123,"SHANNON FREEMAN",24,100.76,4.20,12,New,21.50,"2005-05-30 23:47:56","2005-08-23 13:51:57",24,"Varanasi (Benares)",India
124,"SHEILA WELLS",18,73.82,4.10,13,Documentary,15.00,"2005-05-29 13:23:26","2005-08-23 21:45:02",18,Kütahya,Turkey
125,"ETHEL WEBB",32,135.68,4.24,13,Documentary,17.00,"2005-05-26 05:30:03","2005-08-22 10:14:39",32,Boksburg,"South Africa"
126,"ELLEN SIMPSON",28,117.72,4.20,11,Action,16.00,"2005-05-25 00:00:40","2005-08-23 21:02:43",28,Poá,Brazil
127,"ELAINE STEVENS",24,107.76,4.49,13,Travel,18.00,"2005-05-27 19:30:33","2005-08-23 11:40:30",24,Smolensk,"Russian Federation"
128,"MARJORIE TUCKER",32,127.68,3.99,13,Music,19.00,"2005-05-30 07:13:14","2005-08-23 15:25:27",32,Jastrzebie-Zdrój,Poland
129,"CARRIE PORTER",34,124.66,3.67,15,Classics,16.50,"2005-06-16 15:34:41","2005-08-22 06:46:59",34,Liaocheng,China
130,"CHARLOTTE HUNTER",24,93.76,3.91,13,Sci-Fi,11.00,"2005-05-24 22:53:30","2005-08-23 13:29:08",24,"Águas Lindas de Goiás",Brazil
131,"MONICA HICKS",30,128.70,4.29,15,Action,17.50,"2005-05-25 08:26:13","2005-08-23 22:20:40",30,Mukatševe,Ukraine
132,"ESTHER CRAWFORD",28,95.72,3.42,12,Animation,13.00,"2005-06-16 23:53:42","2005-08-23 16:30:55",28,Botshabelo,"South Africa"
133,"PAULINE HENRY",27,98.73,3.66,12,Drama,13.00,"2005-05-26 17:09:53","2005-08-23 21:07:59",27,Torreón,Mexico
134,"EMMA BOYD",23,94.77,4.12,11,Horror,14.00,"2005-05-27 07:33:54","2005-08-23 19:42:46",23,Qalyub,Egypt
135,"JUANITA MASON",30,110.70,3.69,15,Children,21.50,"2005-05-25 11:35:18","2006-02-14 15:16:03",30,Pune,India
136,"ANITA MORALES",15,62.85,4.19,11,Action,11.00,"2005-05-31 21:20:09","2005-08-23 00:34:28",15,Hubli-Dharwad,India
137,"RHONDA KENNEDY",39,194.61,4.99,15,Games,34.00,"2005-05-30 12:13:52","2005-08-23 21:56:04",39,Apeldoorn,Netherlands
138,"HAZEL WARREN",34,110.66,3.25,14,Sports,12.50,"2005-05-28 03:53:26","2005-08-23 02:39:56",34,Hohhot,China
139,"AMBER DIXON",27,113.73,4.21,13,Games,18.50,"2005-06-14 23:42:56","2005-08-23 12:12:05",27,Touliu,Taiwan
140,"EVA RAMOS",18,83.82,4.66,11,Travel,15.00,"2005-06-16 04:51:18","2005-08-23 15:47:02",18,Clarksville,"United States"
141,"DEBBIE REYES",32,130.68,4.08,12,Children,14.50,"2005-05-30 12:44:57","2005-08-23 19:45:25",32,Fukuyama,Japan
142,"APRIL BURNS",26,94.74,3.64,14,Documentary,16.50,"2005-05-25 00:09:02","2006-02-14 15:16:03",26,Dundee,"United Kingdom"
143,"LESLIE GORDON",22,89.78,4.08,13,Documentary,10.00,"2005-05-26 10:14:09","2005-08-23 21:54:02",22,Kilis,Turkey
144,"CLARA SHAW",42,195.58,4.66,16,Drama,30.00,"2005-05-27 00:49:27","2005-08-23 12:43:30",42,Molodetšno,Belarus
145,"LUCILLE HOLMES",28,108.72,3.88,11,Animation,16.50,"2005-05-28 01:05:25","2005-08-21 10:15:20",28,Soshanguve,"South Africa"
146,"JAMIE RICE",29,139.71,4.82,14,Music,20.50,"2005-05-29 11:15:51","2005-08-23 15:36:05",29,"Sterling Heights","United States"
147,"JOANNE ROBERTSON",34,127.66,3.75,13,Action,19.00,"2005-05-27 07:10:25","2005-08-23 20:53:20",34,Urawa,Japan
148,"ELEANOR HUNT",46,216.54,4.71,14,Sci-Fi,34.50,"2005-05-28 23:53:18","2005-08-23 05:57:04",46,Saint-Denis,Réunion
149,"VALERIE BLACK",26,121.74,4.68,15,Sports,23.00,"2005-05-29 11:37:35","2005-08-23 05:04:33",26,Brockton,"United States"
150,"DANIELLE DANIELS",25,105.75,4.23,14,Sports,19.50,"2005-05-27 15:31:55","2005-08-21 19:47:55",25,Hidalgo,Mexico
151,"MEGAN PALMER",27,92.73,3.43,13,Action,11.00,"2005-05-26 02:26:49","2005-08-23 20:31:38",27,Laiwu,China
152,"ALICIA MILLS",21,83.79,3.99,13,Comedy,8.50,"2005-05-27 06:48:33","2006-02-14 15:16:03",21,Nagaon,India
153,"SUZANNE NICHOLS",24,94.76,3.95,14,Games,12.50,"2005-06-18 03:33:58","2005-08-23 06:15:09",24,Jakarta,Indonesia
154,"MICHELE GRANT",30,130.70,4.36,14,Sci-Fi,16.50,"2005-05-27 21:14:26","2005-08-23 11:16:16",30,Yuncheng,China
155,"GAIL KNIGHT",25,109.75,4.39,12,Classics,11.50,"2005-05-28 09:57:36","2006-02-14 15:16:03",25,Bern,Switzerland
156,"BERTHA FERGUSON",25,101.75,4.07,14,Horror,15.50,"2005-05-30 09:29:30","2005-08-22 23:26:32",25,Ondo,Nigeria
157,"DARLENE ROSE",31,113.69,3.67,14,Documentary,10.50,"2005-05-27 05:48:19","2005-08-22 07:04:25",31,Pyongyang,"North Korea"
158,"VERONICA STONE",32,126.68,3.96,15,Animation,18.50,"2005-05-26 13:46:59","2005-08-23 14:26:51",32,Greensboro,"United States"
159,"JILL HAWKINS",21,68.79,3.28,10,Classics,10.00,"2005-05-27 22:16:26","2005-08-22 16:14:25",21,Linz,Austria
160,"ERIN DUNN",27,106.73,3.95,14,Documentary,15.00,"2005-06-18 09:03:19","2005-08-23 21:49:33",27,Ljubertsy,"Russian Federation"
161,"GERALDINE PERKINS",30,112.70,3.76,14,Foreign,14.50,"2005-05-27 16:10:58","2005-08-22 23:55:51",30,"Tel Aviv-Jaffa",Israel
162,"LAUREN HUDSON",20,71.80,3.59,12,Sports,7.00,"2005-05-26 19:41:40","2006-02-14 15:16:03",20,"Le Mans",France
163,"CATHY SPENCER",29,122.71,4.23,12,Documentary,20.00,"2005-06-15 07:00:50","2006-02-14 15:16:03",29,Kakamigahara,Japan
164,"JOANN GARDNER",16,66.84,4.18,11,Music,12.50,"2005-05-31 02:05:39","2005-08-20 00:30:51",16,Tarsus,Turkey
165,"LORRAINE STEPHENS",21,86.79,4.13,12,Classics,11.00,"2005-05-27 03:42:52","2005-08-23 15:23:50",21,Hami,China
166,"LYNN PAYNE",28,123.72,4.42,14,Music,19.00,"2005-05-28 21:09:31","2005-08-23 14:31:50",28,Lilongwe,Malawi
167,"SALLY PIERCE",32,119.68,3.74,16,Music,11.00,"2005-05-26 18:36:58","2005-08-23 17:52:01",32,Chandrapur,India
168,"REGINA BERRY",34,135.66,3.99,13,Foreign,23.00,"2005-05-27 13:31:51","2006-02-14 15:16:03",34,Jinchang,China
169,"ERICA MATTHEWS",22,95.78,4.35,12,Drama,14.00,"2005-05-28 04:28:38","2005-08-23 09:33:22",22,Pingxiang,China
170,"BEATRICE ARNOLD",26,119.74,4.61,15,Sci-Fi,18.00,"2005-05-26 08:33:10","2005-08-23 04:27:06",26,Udaipur,India
171,"DOLORES WAGNER",26,114.74,4.41,11,Children,17.50,"2005-05-29 18:10:24","2005-08-23 14:43:15",26,Ipoh,Malaysia
172,"BERNICE WILLIS",33,145.67,4.41,13,Action,24.50,"2005-05-27 19:13:15","2005-08-23 22:14:31",33,Batman,Turkey
173,"AUDREY RAY",29,119.71,4.13,13,Documentary,16.50,"2005-05-28 11:15:48","2005-08-23 21:10:24",29,Graz,Austria
174,"YVONNE WATKINS",21,92.79,4.42,11,Travel,12.00,"2005-05-25 05:12:29","2005-08-23 20:06:23",21,"Ocumare del Tuy",Venezuela
175,"ANNETTE OLSON",24,98.76,4.12,12,Games,12.50,"2005-06-15 21:54:31","2006-02-14 15:16:03",24,"Allappuzha (Alleppey)",India
176,"JUNE CARROLL",37,173.63,4.69,13,Animation,28.50,"2005-05-26 03:17:42","2005-08-23 18:36:44",37,Skikda,Algeria
177,"SAMANTHA DUNCAN",23,71.77,3.12,13,Sports,10.50,"2005-06-15 16:12:50","2005-08-22 03:55:02",23,Matamoros,Mexico
178,"MARION SNYDER",39,194.61,4.99,14,Travel,30.00,"2005-06-15 09:03:52","2006-02-14 15:16:03",39,"Santa Bárbara d´Oeste",Brazil
179,"DANA HART",29,133.71,4.61,14,Family,21.50,"2005-05-28 01:34:43","2005-08-23 20:20:23",29,Kirovo-Tšepetsk,"Russian Federation"
180,"STACY CUNNINGHAM",23,98.77,4.29,14,Documentary,17.00,"2005-05-31 16:39:33","2006-02-14 15:16:03",23,Pereira,Colombia
181,"ANA BRADLEY",34,174.66,5.14,15,Family,30.50,"2005-05-28 11:19:23","2006-02-14 15:16:03",34,Memphis,"United States"
182,"RENEE LANE",26,97.74,3.76,13,Games,14.00,"2005-05-26 01:51:48","2005-08-22 09:49:32",26,Compton,"United States"
183,"IDA ANDREWS",23,76.77,3.34,13,Sci-Fi,10.00,"2005-05-27 10:12:00","2005-08-20 03:35:16",23,Luziânia,Brazil
184,"VIVIAN RUIZ",23,90.77,3.95,14,Animation,14.00,"2005-05-26 06:55:58","2005-08-23 06:56:18",23,´s-Hertogenbosch,Netherlands
185,"ROBERTA HARPER",23,84.77,3.69,10,Foreign,14.00,"2005-05-25 01:48:41","2005-08-21 14:51:35",23,"Shahr-e Kord",Iran
186,"HOLLY FOX",31,114.69,3.70,12,Classics,14.00,"2005-05-28 11:20:29","2006-02-14 15:16:03",31,Haldia,India
187,"BRITTANY RILEY",28,159.72,5.70,14,Classics,33.00,"2005-05-26 14:39:53","2005-08-23 19:59:33",28,Sumy,Ukraine
188,"MELANIE ARMSTRONG",25,92.75,3.71,12,Drama,3.00,"2005-06-16 00:31:40","2006-02-14 15:16:03",25,Bayugan,Philippines
189,"LORETTA CARPENTER",22,93.78,4.26,13,Music,13.00,"2005-05-31 16:15:31","2005-08-23 21:04:51",22,Oshawa,Canada
190,"YOLANDA WEAVER",27,110.73,4.10,12,Action,13.00,"2005-05-27 16:22:10","2006-02-14 15:16:03",27,Tabora,Tanzania
191,"JEANETTE GREENE",20,74.80,3.74,12,Documentary,8.50,"2005-05-31 19:14:15","2006-02-14 15:16:03",20,Novotšerkassk,"Russian Federation"
192,"LAURIE LAWRENCE",23,99.77,4.34,13,Comedy,14.50,"2005-05-30 08:50:43","2006-02-14 15:16:03",23,Firozabad,India
193,"KATIE ELLIOTT",25,109.75,4.39,12,Games,10.50,"2005-05-26 16:29:36","2006-02-14 15:16:03",25,Kisumu,Kenya
194,"KRISTEN CHAVEZ",18,87.82,4.88,11,Animation,13.00,"2005-05-27 03:03:07","2005-08-23 18:43:22",18,Hino,Japan
195,"VANESSA SIMS",19,86.81,4.57,11,Drama,14.00,"2005-07-07 13:01:35","2005-08-23 22:19:33",19,Siegen,Germany
196,"ALMA AUSTIN",35,151.65,4.33,13,Animation,24.50,"2005-05-25 18:18:19","2005-08-23 20:10:13",35,Mannheim,Germany
197,"SUE PETERS",40,154.60,3.87,15,Comedy,18.50,"2005-05-25 16:03:42","2005-08-23 04:12:52",40,Changzhou,China
198,"ELSIE KELLEY",37,141.63,3.83,15,Documentary,19.50,"2005-05-27 06:37:15","2005-08-23 00:27:18",37,Ikerre,Nigeria
199,"BETH FRANKLIN",25,103.75,4.15,12,New,12.50,"2005-05-28 01:05:07","2006-02-14 15:16:03",25,Haiphong,Vietnam
200,"JEANNE LAWSON",27,136.73,5.06,13,Games,23.00,"2005-05-26 16:20:56","2006-02-14 15:16:03",27,Ashgabat,Turkmenistan
201,"VICKI FIELDS",25,108.75,4.35,14,Family,16.00,"2005-05-26 22:51:37","2005-08-23 20:06:04",25,Witten,Germany
202,"CARLA GUTIERREZ",26,103.74,3.99,13,Animation,18.00,"2005-06-15 20:55:42","2005-08-23 13:22:56",26,Bhusawal,India
203,"TARA RYAN",20,88.80,4.44,10,Children,14.50,"2005-05-26 23:09:41","2005-08-23 20:27:34",20,Gorontalo,Indonesia
204,"ROSEMARY SCHMIDT",35,147.65,4.22,16,New,17.50,"2005-05-26 14:35:40","2005-08-22 23:48:56",35,Usak,Turkey
205,"EILEEN CARR",18,80.82,4.49,14,Horror,14.50,"2005-06-15 04:49:08","2005-08-22 23:54:14",18,"Ciudad del Este",Paraguay
206,"TERRI VASQUEZ",27,126.73,4.69,13,New,21.00,"2005-06-17 02:27:03","2005-08-23 10:36:00",27,Blumenau,Brazil
207,"GERTRUDE CASTILLO",34,137.66,4.05,15,Games,31.00,"2005-05-25 04:51:46","2005-08-23 07:25:29",34,Nuuk,Greenland
208,"LUCY WHEELER",26,91.74,3.53,13,Documentary,16.00,"2005-05-25 16:50:28","2006-02-14 15:16:03",26,Balurghat,India
209,"TONYA CHAPMAN",32,161.68,5.05,13,Action,27.00,"2005-05-27 03:55:25","2005-08-23 02:51:27",32,Bhilwara,India
210,"ELLA OLIVER",31,137.69,4.44,13,New,22.50,"2005-05-30 16:34:02","2005-08-23 18:48:40",31,Aden,Yemen
211,"STACEY MONTGOMERY",34,151.66,4.46,14,Music,24.00,"2005-05-26 12:30:22","2006-02-14 15:16:03",34,Fuyu,China
212,"WILMA RICHARDS",20,91.80,4.59,9,Children,20.00,"2005-06-15 13:17:01","2005-08-23 18:05:10",20,Bellevue,"United States"
213,"GINA WILLIAMSON",28,111.72,3.99,12,Family,11.00,"2005-05-27 10:23:25","2006-02-14 15:16:03",28,Taizz,Yemen
214,"KRISTIN JOHNSTON",31,116.69,3.76,15,Sports,15.00,"2005-05-26 13:05:08","2006-02-14 15:16:03",31,Sunnyvale,"United States"
215,"JESSIE BANKS",26,91.74,3.53,13,Foreign,8.00,"2005-05-29 03:49:03","2006-02-14 15:16:03",26,"Stara Zagora",Bulgaria
216,"NATALIE MEYER",23,95.77,4.16,12,Travel,10.50,"2005-05-31 00:08:25","2006-02-14 15:16:03",23,"Aparecida de Goiânia",Brazil
217,"AGNES BISHOP",23,98.77,4.29,12,Drama,12.00,"2005-05-29 22:14:55","2005-08-22 19:02:48",23,Sambhal,India
218,"VERA MCCOY",18,67.82,3.77,12,Comedy,12.00,"2005-06-15 20:25:53","2005-08-23 05:30:19",18,Kabul,Afghanistan
219,"WILLIE HOWELL",26,101.74,3.91,14,Sci-Fi,16.00,"2005-05-27 14:48:20","2006-02-14 15:16:03",26,"Vicente López",Argentina
220,"CHARLENE ALVAREZ",27,114.73,4.25,13,New,16.00,"2005-05-27 14:10:58","2005-08-23 10:32:52",27,Zanzibar,Tanzania
221,"BESSIE MORRISON",28,132.72,4.74,15,Drama,27.50,"2005-05-26 10:44:04","2005-08-22 12:53:22",28,Syrakusa,Italy
222,"DELORES HANSEN",21,91.79,4.37,14,Children,20.50,"2005-05-24 23:05:21","2005-08-21 08:58:38",21,Jaroslavl,"Russian Federation"
223,"MELINDA FERNANDEZ",17,80.83,4.75,11,Family,10.00,"2005-05-28 03:57:28","2005-08-23 08:52:50",17,"Mandi Bahauddin",Pakistan
224,"PEARL GARZA",22,76.78,3.49,11,Foreign,14.50,"2005-06-15 18:08:14","2005-08-23 19:11:29",22,Jodhpur,India
225,"ARLENE HARVEY",26,120.74,4.64,15,Games,24.50,"2005-05-29 20:00:30","2005-08-21 12:07:25",26,Ambattur,India
226,"MAUREEN LITTLE",21,87.79,4.18,14,Animation,12.50,"2005-06-21 16:58:50","2005-08-23 22:06:15",21,Asunción,Paraguay
227,"COLLEEN BURTON",24,87.76,3.66,11,Documentary,13.00,"2005-05-25 18:45:19","2006-02-14 15:16:03",24,Saarbrücken,Germany
228,"ALLISON STANLEY",27,92.73,3.43,13,Foreign,11.00,"2005-05-28 00:24:58","2006-02-14 15:16:03",27,"Phnom Penh",Cambodia
229,"TAMARA NGUYEN",25,93.75,3.75,14,Sports,13.50,"2005-06-18 01:59:16","2006-02-14 15:16:03",25,Anápolis,Brazil
230,"JOY GEORGE",33,124.67,3.78,13,Sci-Fi,18.00,"2005-05-25 04:06:21","2005-08-21 08:38:21",33,Botosani,Romania
231,"GEORGIA JACOBS",26,110.74,4.26,13,Animation,22.50,"2005-05-27 01:57:14","2005-08-22 22:51:13",26,Uttarpara-Kotrung,India
232,"CONSTANCE REID",25,95.75,3.83,13,Sci-Fi,13.50,"2005-05-25 03:42:37","2005-08-23 04:33:39",25,Zaria,Nigeria
233,"LILLIE KIM",23,89.77,3.90,14,Sci-Fi,10.50,"2005-06-17 10:58:53","2005-08-23 15:03:58",23,Idfu,Egypt
234,"CLAUDIA FULLER",26,111.74,4.30,13,Foreign,18.00,"2005-05-31 17:23:44","2006-02-14 15:16:03",26,"Jalib al-Shuyukh",Kuwait
235,"JACKIE LYNCH",25,93.75,3.75,12,Family,9.50,"2005-05-29 18:50:50","2005-08-22 09:33:08",25,Buenaventura,Colombia
236,"MARCIA DEAN",42,175.58,4.18,15,Foreign,27.00,"2005-05-26 15:46:56","2006-02-14 15:16:03",42,Tanza,Philippines
237,"TANYA GILBERT",33,144.67,4.38,15,Classics,26.00,"2005-05-25 21:48:30","2005-08-23 18:28:09",33,Naju,"South Korea"
238,"NELLIE GARRETT",21,94.79,4.51,12,Children,12.00,"2005-05-26 23:12:55","2005-08-23 01:05:00",21,Shimoga,India
239,"MINNIE ROMERO",34,142.66,4.20,15,Animation,19.50,"2005-05-24 23:31:46","2005-08-20 22:34:34",34,Ciomas,Indonesia
240,"MARLENE WELCH",26,117.74,4.53,12,New,15.00,"2005-05-26 13:57:07","2005-08-23 08:06:49",26,Iwaki,Japan
241,"HEIDI LARSON",34,122.66,3.61,14,New,20.50,"2005-05-28 17:04:43","2005-08-23 13:14:15",34,Xi´angfan,China
242,"GLENDA FRAZIER",32,140.68,4.40,13,New,23.50,"2005-05-25 18:30:05","2005-08-22 08:06:00",32,Qinhuangdao,China
243,"LYDIA BURKE",24,82.76,3.45,10,Documentary,10.50,"2005-05-26 05:47:12","2005-08-21 21:02:55",24,"San Miguel de Tucumán",Argentina
244,"VIOLA HANSON",32,129.68,4.05,14,Comedy,26.00,"2005-05-28 13:21:08","2006-02-14 15:16:03",32,Lapu-Lapu,Philippines
245,"COURTNEY DAY",32,132.68,4.15,15,Children,25.50,"2005-05-25 12:11:07","2006-02-14 15:16:03",32,Uijongbu,"South Korea"
246,"MARIAN MENDOZA",23,107.77,4.69,10,Sci-Fi,19.50,"2005-05-25 20:46:11","2005-08-23 12:26:19",23,Maringá,Brazil
247,"STELLA MORENO",22,104.78,4.76,12,Sci-Fi,16.50,"2005-05-26 06:01:41","2005-08-23 13:45:44",22,"Coacalco de Berriozábal",Mexico
248,"CAROLINE BOWMAN",15,50.85,3.39,9,Sci-Fi,6.00,"2005-05-27 02:15:30","2005-08-22 03:58:29",15,Tallahassee,"United States"
249,"DORA MEDINA",23,107.77,4.69,13,Games,16.50,"2005-05-26 23:22:55","2005-08-22 14:33:50",23,Tianjin,China
250,"JO FOWLER",20,73.80,3.69,11,Travel,8.00,"2005-05-25 09:01:57","2005-08-22 17:52:05",20,Oyo,Nigeria
251,"VICKIE BREWER",31,120.69,3.89,13,Sci-Fi,13.00,"2005-05-26 16:00:49","2006-02-14 15:16:03",31,Halle/Saale,Germany
252,"MATTIE HOFFMAN",22,64.78,2.94,12,Documentary,6.50,"2005-05-29 03:18:19","2006-02-14 15:16:03",22,London,"United Kingdom"
253,"TERRY CARLSON",29,127.71,4.40,14,Animation,18.50,"2005-05-28 09:51:39","2005-08-22 17:12:29",29,Miyakonojo,Japan
254,"MAXINE SILVA",32,116.68,3.65,14,Sci-Fi,13.50,"2005-05-26 05:01:18","2005-08-23 13:25:08",32,"Poços de Caldas",Brazil
255,"IRMA PEARSON",18,70.82,3.93,11,Animation,10.50,"2005-06-15 04:31:28","2005-08-21 17:45:21",18,Hagonoy,Philippines
256,"MABEL HOLLAND",30,112.70,3.76,14,Comedy,16.50,"2005-05-25 06:49:10","2005-08-23 16:18:12",30,Monywa,Myanmar
257,"MARSHA DOUGLAS",37,151.63,4.10,13,Documentary,21.50,"2005-05-25 23:00:21","2005-08-23 19:51:29",37,Beira,Mozambique
258,"MYRTLE FLEMING",24,110.76,4.62,12,Drama,15.50,"2005-06-16 16:38:10","2005-08-22 04:31:37",24,"Santiago de los Caballeros","Dominican Republic"
259,"LENA JENSEN",32,168.68,5.27,14,Sports,29.50,"2005-05-29 05:30:31","2005-08-23 09:52:55",32,Halisahar,India
260,"CHRISTY VARGAS",31,122.69,3.96,13,Music,23.00,"2005-05-31 14:13:59","2005-08-21 17:59:09",31,Datong,China
261,"DEANNA BYRD",26,107.74,4.14,13,Travel,15.00,"2005-05-25 00:19:27","2005-08-22 23:08:46",26,Tuguegarao,Philippines
262,"PATSY DAVIDSON",28,119.72,4.28,15,Family,20.00,"2005-05-30 22:17:17","2005-08-23 17:57:35",28,Portoviejo,Ecuador
263,"HILDA HOPKINS",29,122.71,4.23,14,Sci-Fi,19.00,"2005-05-25 16:34:24","2006-02-14 15:16:03",29,Mandaluyong,Philippines
264,"GWENDOLYN MAY",25,98.75,3.95,13,Sci-Fi,14.00,"2005-06-14 23:16:27","2006-02-14 15:16:03",25,Higashiosaka,Japan
265,"JENNIE TERRY",29,133.71,4.61,13,Children,19.50,"2005-05-25 11:09:48","2005-08-22 05:59:59",29,Olomouc,"Czech Republic"
266,"NORA HERRERA",28,118.72,4.24,13,Drama,15.50,"2005-05-25 13:36:12","2005-08-22 21:06:00",28,Salzburg,Austria
267,"MARGIE WADE",36,159.64,4.43,14,New,24.00,"2005-05-25 14:57:22","2006-02-14 15:16:03",36,Lengshuijiang,China
268,"NINA SOTO",29,123.71,4.27,14,Drama,15.50,"2005-06-15 16:17:21","2005-08-22 15:49:54",29,"Palghat (Palakkad)",India
269,"CASSANDRA WALTERS",30,129.70,4.32,12,Documentary,18.00,"2005-05-24 23:11:53","2006-02-14 15:16:03",30,Salinas,"United States"
270,"LEAH CURTIS",25,104.75,4.19,16,Children,13.00,"2005-05-26 06:41:48","2005-08-23 07:10:22",25,Kalisz,Poland
271,"PENNY NEAL",18,68.82,3.82,13,Sports,11.50,"2005-05-31 13:30:49","2005-08-22 17:48:42",18,Kumbakonam,India
272,"KAY CALDWELL",20,98.80,4.94,10,Drama,15.50,"2005-05-25 04:18:51","2005-08-20 16:07:55",20,Yantai,China
273,"PRISCILLA LOWE",35,157.65,4.50,14,Sci-Fi,25.50,"2005-05-25 19:46:21","2005-08-23 12:50:00",35,Salamanca,Mexico
274,"NAOMI JENNINGS",35,152.65,4.36,15,New,23.00,"2005-05-26 00:17:50","2006-02-14 15:16:03",35,Karnal,India
275,"CAROLE BARNETT",30,108.70,3.62,16,Family,16.50,"2005-05-27 03:15:23","2005-08-23 02:30:23",30,Peoria,"United States"
276,"BRANDY GRAVES",28,122.72,4.38,15,Documentary,17.50,"2005-05-29 08:10:07","2005-08-23 18:08:19",28,Warren,"United States"
277,"OLGA JIMENEZ",32,144.68,4.52,14,Sports,21.50,"2005-05-26 22:01:39","2005-08-22 21:05:50",32,Ogbomosho,Nigeria
278,"BILLIE HORTON",26,88.74,3.41,12,Comedy,9.50,"2005-05-31 12:15:57","2005-08-23 21:30:45",26,Inegöl,Turkey
279,"DIANNE SHELTON",31,135.69,4.38,11,Sci-Fi,19.50,"2005-05-30 21:37:11","2006-02-14 15:16:03",31,Tabriz,Iran
280,"TRACEY BARRETT",27,118.73,4.40,13,Foreign,14.00,"2005-05-31 02:39:16","2005-08-23 19:09:39",27,Owo,Nigeria
281,"LEONA OBRIEN",14,50.86,3.63,8,Animation,12.50,"2005-05-28 19:45:40","2005-08-21 03:40:40",14,Fuzhou,China
282,"JENNY CASTRO",27,103.73,3.84,15,Foreign,18.50,"2005-05-25 06:20:46","2006-02-14 15:16:03",27,Ponce,"Puerto Rico"
283,"FELICIA SUTTON",28,86.72,3.10,14,Drama,7.50,"2005-06-16 16:56:00","2005-08-23 15:29:41",28,Korla,China
284,"SONIA GREGORY",28,126.72,4.53,12,Horror,19.50,"2005-05-27 15:32:57","2006-02-14 15:16:03",28,"Benin City",Nigeria
285,"MIRIAM MCKINNEY",26,135.74,5.22,14,Sci-Fi,26.00,"2005-06-14 23:07:08","2005-08-23 02:06:41",26,Otsu,Japan
286,"VELMA LUCAS",27,117.73,4.36,13,Drama,20.50,"2005-05-25 12:15:19","2005-08-23 07:28:22",27,Effon-Alaiye,Nigeria
287,"BECKY MILES",29,115.71,3.99,11,Documentary,17.50,"2005-05-28 01:01:21","2006-02-14 15:16:03",29,Tambaram,India
288,"BOBBIE CRAIG",24,80.76,3.37,13,Sports,11.50,"2005-05-25 15:54:16","2005-08-22 12:41:33",24,"Valle de Santiago",Mexico
289,"VIOLET RODRIQUEZ",30,142.70,4.76,14,Sports,24.50,"2005-06-17 03:08:59","2005-08-22 05:03:59",30,"Kowloon and New Kowloon","Hong Kong"
290,"KRISTINA CHAMBERS",28,109.72,3.92,14,Horror,17.00,"2005-05-26 01:46:20","2005-08-20 08:57:51",28,"Valle de la Pascua",Venezuela
291,"TONI HOLT",23,95.77,4.16,15,Classics,17.50,"2005-05-25 07:23:25","2005-08-23 08:54:26",23,Roanoke,"United States"
292,"MISTY LAMBERT",27,118.73,4.40,12,Drama,16.00,"2005-05-27 01:00:04","2005-08-22 12:38:20",27,Sharja,"United Arab Emirates"
293,"MAE FLETCHER",31,158.69,5.12,13,Sports,28.00,"2005-05-27 18:42:57","2005-08-23 09:18:52",31,"Donostia-San Sebastián",Spain
294,"SHELLY WATTS",26,113.74,4.37,13,Action,17.00,"2005-05-28 13:59:54","2005-08-23 15:34:46",26,Dayton,"United States"
295,"DAISY BATES",38,162.62,4.28,15,Family,28.50,"2005-05-27 08:08:18","2006-02-14 15:16:03",38,Kolpino,"Russian Federation"
296,"RAMONA HALE",30,129.70,4.32,15,Sports,15.00,"2005-05-26 02:02:05","2006-02-14 15:16:03",30,Patiala,India
297,"SHERRI RHODES",33,128.67,3.90,13,Sci-Fi,20.00,"2005-05-25 23:45:52","2005-08-23 10:43:00",33,Ahmadnagar,India
298,"ERIKA PENA",26,101.74,3.91,11,Action,11.00,"2005-05-27 10:12:20","2005-08-23 08:13:26",26,Oulu,Finland
299,"JAMES GANNON",30,131.70,4.39,12,Drama,20.00,"2005-05-27 02:27:10","2005-08-22 04:26:34",30,Hiroshima,Japan
300,"JOHN FARNSWORTH",31,137.69,4.44,15,Music,23.50,"2005-05-27 19:52:29","2006-02-14 15:16:03",31,Parbhani,India
301,"ROBERT BAUGHMAN",21,92.79,4.42,14,Sci-Fi,14.00,"2005-05-25 03:41:50","2005-08-22 18:39:11",21,Kaliningrad,"Russian Federation"
302,"MICHAEL SILVERMAN",29,127.71,4.40,13,Animation,22.50,"2005-05-25 04:47:44","2005-08-23 20:22:17",29,Tiefa,China
303,"WILLIAM SATTERFIELD",26,100.74,3.87,12,Action,12.50,"2005-05-26 16:07:38","2005-08-23 02:55:42",26,Sanaa,Yemen
304,"DAVID ROYAL",26,115.74,4.45,12,Sci-Fi,21.00,"2005-05-25 21:58:58","2005-08-22 06:05:38",26,Callao,Peru
305,"RICHARD MCCRARY",25,109.75,4.39,11,Foreign,15.50,"2005-05-25 10:10:14","2005-08-23 06:59:07",25,Arlington,"United States"
306,"CHARLES KOWALSKI",32,138.68,4.33,13,Sci-Fi,18.50,"2005-05-27 08:49:21","2005-08-23 16:19:14",32,"Sungai Petani",Malaysia
307,"JOSEPH JOY",30,134.70,4.49,15,Action,19.50,"2005-05-27 14:45:37","2005-08-23 03:03:53",30,"Angra dos Reis",Brazil
308,"THOMAS GRIGSBY",25,105.75,4.23,13,New,13.50,"2005-05-28 12:27:50","2005-08-23 15:03:13",25,"Kansas City","United States"
309,"CHRISTOPHER GRECO",31,147.69,4.76,13,Travel,23.50,"2005-05-26 09:27:09","2005-08-22 23:58:09",31,Brescia,Italy
310,"DANIEL CABRAL",20,97.80,4.89,10,Comedy,12.00,"2005-05-25 17:46:33","2005-08-22 06:53:21",20,Ibirité,Brazil
311,"PAUL TROUT",23,120.77,5.25,13,Documentary,23.00,"2005-05-26 16:48:51","2005-08-23 21:34:33",23,Kursk,"Russian Federation"
312,"MARK RINEHART",26,104.74,4.03,13,Action,17.50,"2005-05-26 11:19:20","2005-08-23 16:44:31",26,Tabuk,"Saudi Arabia"
313,"DONALD MAHON",23,89.77,3.90,15,Animation,12.50,"2005-05-28 22:03:25","2005-08-23 05:24:29",23,Ezhou,China
314,"GEORGE LINTON",33,131.67,3.99,15,Sports,25.50,"2005-05-25 12:12:07","2005-08-23 21:37:59",33,Sorocaba,Brazil
315,"KENNETH GOODEN",17,84.83,4.99,13,Comedy,16.00,"2005-05-28 06:20:55","2006-02-14 15:16:03",17,"Bat Yam",Israel
316,"STEVEN CURLEY",29,132.71,4.58,13,Sports,19.00,"2005-05-25 00:43:11","2005-08-23 15:34:49",29,Miraj,India
317,"EDWARD BAUGH",28,114.72,4.10,13,Family,16.50,"2005-05-25 18:28:09","2006-02-14 15:16:03",28,Tórshavn,"Faroe Islands"
318,"BRIAN WYMAN",12,52.88,4.41,6,Documentary,12.50,"2005-05-26 10:18:27","2005-08-21 06:34:05",12,Bydgoszcz,Poland
319,"RONALD WEINER",30,132.70,4.42,15,Games,22.50,"2005-05-25 00:39:22","2005-08-22 23:07:57",30,"San Felipe del Progreso",Mexico
320,"ANTHONY SCHWAB",20,71.80,3.59,13,Sports,6.00,"2005-06-15 06:21:30","2005-08-22 19:44:53",20,Tafuna,"American Samoa"
321,"KEVIN SCHULER",22,116.78,5.31,13,Foreign,25.50,"2005-05-26 07:12:21","2005-08-23 16:56:14",22,Birgunj,Nepal
322,"JASON MORRISSEY",28,128.72,4.60,14,Action,19.50,"2005-05-26 02:49:11","2005-08-23 10:23:48",28,"Bahía Blanca",Argentina
323,"MATTHEW MAHAN",31,114.69,3.70,12,Action,16.00,"2005-05-25 08:53:14","2005-08-23 11:30:32",31,Cuautla,Mexico
324,"GARY COY",25,103.75,4.15,13,Music,15.50,"2005-05-28 09:10:49","2006-02-14 15:16:03",25,Yuzhou,China
325,"TIMOTHY BUNN",22,91.78,4.17,12,New,9.00,"2005-05-25 21:42:46","2005-08-22 08:27:27",22,Brasília,Brazil
326,"JOSE ANDREW",25,96.75,3.87,13,Horror,14.00,"2005-05-30 05:38:24","2005-08-19 01:38:18",25,Kingstown,"Saint Vincent and the Grenadines"
327,"LARRY THRASHER",26,112.74,4.34,12,Documentary,17.50,"2005-05-28 20:12:20","2006-02-14 15:16:03",26,Adana,Turkey
328,"JEFFREY SPEAR",23,90.77,3.95,13,Games,13.00,"2005-05-30 03:09:11","2005-08-23 16:17:09",23,Ciparay,Indonesia
329,"FRANK WAGGONER",32,127.68,3.99,13,Music,19.00,"2005-06-15 00:49:19","2005-08-22 19:54:31",32,Jamalpur,Bangladesh
330,"SCOTT SHELLEY",25,94.75,3.79,11,Documentary,7.00,"2005-05-29 02:44:43","2006-02-14 15:16:03",25,Aurora,"United States"
331,"ERIC ROBERT",27,122.73,4.55,13,Drama,21.00,"2005-05-25 13:52:43","2005-08-23 03:30:51",27,"Santa Fé",Argentina
332,"STEPHEN QUALLS",28,118.72,4.24,14,Drama,20.50,"2005-05-28 14:08:19","2005-08-22 16:37:36",28,Dhaka,Bangladesh
333,"ANDREW PURDY",27,109.73,4.06,14,Games,18.50,"2005-05-24 23:04:41","2005-08-22 19:59:42",27,Baku,Azerbaijan
334,"RAYMOND MCWHORTER",30,135.70,4.52,12,Foreign,18.00,"2005-05-25 00:22:55","2006-02-14 15:16:03",30,Sumqayit,Azerbaijan
335,"GREGORY MAULDIN",23,78.77,3.42,11,Sci-Fi,10.00,"2005-06-21 09:20:31","2006-02-14 15:16:03",23,Sousse,Tunisia
336,"JOSHUA MARK",30,119.70,3.99,13,Animation,11.00,"2005-06-15 21:12:13","2006-02-14 15:16:03",30,Rampur,India
337,"JERRY JORDON",29,143.71,4.96,13,Sci-Fi,27.50,"2005-05-27 08:26:30","2006-02-14 15:16:03",29,Onomichi,Japan
338,"DENNIS GILMAN",28,114.72,4.10,12,Sports,15.50,"2005-05-28 22:22:44","2005-08-22 15:26:29",28,Paarl,"South Africa"
339,"WALTER PERRYMAN",30,127.70,4.26,11,Sports,21.00,"2005-05-30 05:41:22","2005-08-21 23:24:52",30,Xinxiang,China
340,"PATRICK NEWSOM",31,119.69,3.86,13,New,12.50,"2005-06-15 02:25:56","2005-08-22 22:25:17",31,Hanoi,Vietnam
341,"PETER MENARD",23,106.77,4.64,13,New,22.00,"2005-06-15 10:34:26","2005-08-23 18:43:31",23,Ede,Netherlands
342,"HAROLD MARTINO",32,130.68,4.08,12,Classics,15.50,"2005-06-18 01:29:51","2005-08-23 17:09:31",32,"Boa Vista",Brazil
343,"DOUGLAS GRAF",25,114.75,4.59,12,Family,22.00,"2005-05-25 17:22:10","2005-08-23 20:04:41",25,Mexicali,Mexico
344,"HENRY BILLINGSLEY",18,73.82,4.10,11,Sports,13.00,"2005-05-26 01:25:21","2005-08-22 16:55:26",18,Nuku´alofa,Tonga
345,"CARL ARTIS",23,106.77,4.64,12,Horror,13.00,"2005-05-26 08:01:54","2005-08-23 04:28:25",23,"San Lorenzo",Paraguay
346,"ARTHUR SIMPKINS",32,155.68,4.87,13,Family,22.00,"2005-05-25 09:32:03","2005-08-23 15:15:19",32,Maikop,"Russian Federation"
347,"RYAN SALISBURY",30,142.70,4.76,13,Sports,16.50,"2005-06-16 14:11:52","2005-08-23 04:51:52",30,Daugavpils,Latvia
348,"ROGER QUINTANILLA",36,146.64,4.07,14,Animation,21.50,"2005-05-26 00:47:47","2005-08-23 18:50:54",36,Hsichuh,Taiwan
349,"JOE GILLILAND",29,138.71,4.78,12,Games,17.00,"2005-05-30 07:43:04","2006-02-14 15:16:03",29,Imus,Philippines
350,"JUAN FRALEY",23,73.77,3.21,12,Music,8.50,"2005-05-25 02:53:02","2005-08-23 14:35:10",23,Tšeboksary,"Russian Federation"
351,"JACK FOUST",24,89.76,3.74,12,Sports,14.00,"2005-05-31 19:20:14","2005-08-23 13:01:43",24,Zeleznogorsk,"Russian Federation"
352,"ALBERT CROUSE",23,99.77,4.34,14,Music,11.50,"2005-05-29 14:44:22","2006-02-14 15:16:03",23,Bamenda,Cameroon
353,"JONATHAN SCARBOROUGH",18,72.82,4.05,12,Animation,10.50,"2005-05-31 14:24:18","2005-08-23 09:23:08",18,"Pachuca de Soto",Mexico
354,"JUSTIN NGO",36,129.64,3.60,13,Documentary,18.00,"2005-05-25 23:34:22","2006-02-14 15:16:03",36,"Santo André",Brazil
355,"TERRY GRISSOM",20,72.80,3.64,12,Foreign,12.50,"2005-05-31 15:22:51","2006-02-14 15:16:03",20,Matsue,Japan
356,"GERALD FULTZ",30,121.70,4.06,11,Foreign,18.00,"2005-05-31 11:35:13","2005-08-23 12:47:16",30,Satna,India
357,"KEITH RICO",26,89.74,3.45,11,Drama,11.00,"2005-05-25 23:49:56","2005-08-23 16:22:20",26,Bratislava,Slovakia
358,"SAMUEL MARLOW",21,80.79,3.85,11,Comedy,10.00,"2005-05-30 02:10:32","2005-08-20 20:16:35",21,Ranchi,India
359,"WILLIE MARKHAM",25,101.75,4.07,12,Documentary,16.50,"2005-05-26 19:21:44","2006-02-14 15:16:03",25,"Almirante Brown",Argentina
360,"RALPH MADRIGAL",34,150.66,4.43,14,New,23.50,"2005-05-28 17:37:59","2005-08-22 19:56:41",34,Arecibo,"Puerto Rico"
361,"LAWRENCE LAWTON",31,100.69,3.25,12,Foreign,16.00,"2005-05-27 07:42:29","2006-02-14 15:16:03",31,Yaoundé,Cameroon
362,"NICHOLAS BARFIELD",32,145.68,4.55,14,Sports,22.00,"2005-05-31 05:01:09","2005-08-22 06:17:12",32,Belém,Brazil
363,"ROY WHITING",29,143.71,4.96,14,Action,21.50,"2005-05-29 07:35:21","2005-08-22 20:44:55",29,Nyeri,Kenya
364,"BENJAMIN VARNEY",23,95.77,4.16,9,Classics,9.50,"2005-05-27 20:10:36","2005-08-22 17:48:10",23,Guadalajara,Mexico
365,"BRUCE SCHWARZ",23,103.77,4.51,12,Travel,9.50,"2005-05-25 19:37:47","2005-08-21 12:51:49",23,Okinawa,Japan
366,"BRANDON HUEY",37,152.63,4.13,15,Sports,23.00,"2005-05-30 10:50:22","2006-02-14 15:16:03",37,Balikesir,Turkey
367,"ADAM GOOCH",22,101.78,4.63,12,Foreign,14.00,"2005-05-30 14:49:34","2005-08-21 13:41:14",22,Adoni,India
368,"HARRY ARCE",35,157.65,4.50,16,Animation,19.50,"2005-05-25 09:21:29","2005-08-23 00:31:09",35,Najafabad,Iran
369,"FRED WHEAT",25,88.75,3.55,12,Family,8.00,"2005-05-25 04:05:17","2006-02-14 15:16:03",25,Juárez,Mexico
370,"WAYNE TRUONG",19,70.81,3.73,12,Action,10.00,"2005-06-15 01:05:32","2005-08-23 20:13:31",19,Gulbarga,India
371,"BILLY POULIN",35,149.65,4.28,15,Sports,23.50,"2005-05-25 03:36:50","2005-08-23 15:09:17",35,Cabuyao,Philippines
372,"STEVE MACKENZIE",34,158.66,4.67,14,Action,26.50,"2005-05-28 15:49:14","2005-08-23 05:08:58",34,Probolinggo,Indonesia
373,"LOUIS LEONE",35,161.65,4.62,14,Animation,32.50,"2005-05-26 15:27:05","2006-02-14 15:16:03",35,Tanauan,Philippines
374,"JEREMY HURTADO",28,103.72,3.70,15,Music,12.00,"2005-05-28 03:32:22","2006-02-14 15:16:03",28,"Vitória de Santo Antão",Brazil
375,"AARON SELBY",24,110.76,4.62,10,Travel,12.50,"2005-05-26 21:48:13","2005-08-23 02:46:13",24,Mwene-Ditu,"Congo, The Democratic Republic of the"
376,"RANDY GAITHER",28,110.72,3.95,13,Classics,16.50,"2005-05-28 08:23:16","2005-08-22 22:30:50",28,Kurgan,"Russian Federation"
377,"HOWARD FORTNER",26,93.74,3.61,13,New,18.00,"2005-06-19 03:07:32","2005-08-23 20:44:10",26,Kermanshah,Iran
378,"EUGENE CULPEPPER",19,71.81,3.78,12,Comedy,5.50,"2005-05-27 04:40:33","2005-08-22 06:52:49",19,Shenzhen,China
379,"CARLOS COUGHLIN",23,106.77,4.64,13,Comedy,13.00,"2005-05-26 08:14:01","2005-08-23 18:26:51",23,Bhavnagar,India
380,"RUSSELL BRINSON",36,136.64,3.80,14,Foreign,25.50,"2005-05-30 01:18:15","2005-08-23 12:33:00",36,Tychy,Poland
381,"BOBBY BOUDREAU",35,106.65,3.05,13,Travel,11.00,"2005-05-26 03:09:30","2005-08-23 12:29:24",35,"South Hill",Anguilla
382,"VICTOR BARKLEY",24,91.76,3.82,14,Documentary,9.00,"2005-05-27 06:32:30","2005-08-23 18:44:21",24,Manchester,"United States"
383,"MARTIN BALES",27,103.73,3.84,11,Animation,12.50,"2005-05-25 09:19:16","2005-08-23 16:44:25",27,Namibe,Angola
384,"ERNEST STEPP",25,89.75,3.59,12,Foreign,12.50,"2005-05-25 17:30:42","2005-08-22 20:20:04",25,Huai´an,China
385,"PHILLIP HOLM",26,101.74,3.91,10,Sci-Fi,13.00,"2005-05-30 11:27:06","2005-08-23 02:06:01",26,Tama,Japan
386,"TODD TAN",29,117.71,4.06,12,Children,17.50,"2005-05-28 11:48:55","2005-08-23 19:06:04",29,Kamjanets-Podilskyi,Ukraine
387,"JESSE SCHILLING",26,101.74,3.91,15,Games,18.00,"2005-05-26 21:13:46","2005-08-22 07:16:36",26,Lubumbashi,"Congo, The Democratic Republic of the"
388,"CRAIG MORRELL",30,124.70,4.16,14,Family,20.50,"2005-05-25 01:59:46","2006-02-14 15:16:03",30,Cavite,Philippines
389,"ALAN KAHN",26,124.74,4.80,15,Sports,23.50,"2005-05-31 00:16:57","2005-08-23 21:11:33",26,Emeishan,China
390,"SHAWN HEATON",33,152.67,4.63,13,Music,18.00,"2005-05-26 14:43:48","2005-08-22 22:21:35",33,"Nakhon Sawan",Thailand
391,"CLARENCE GAMEZ",30,104.70,3.49,14,Sci-Fi,16.50,"2005-05-25 11:00:07","2005-08-21 09:55:47",30,Izumisano,Japan
392,"SEAN DOUGLASS",23,91.77,3.99,14,Family,15.50,"2005-06-16 00:38:07","2005-08-21 11:51:10",23,"Addis Abeba",Ethiopia
393,"PHILIP CAUSEY",31,121.69,3.93,14,Action,21.50,"2005-05-28 14:05:57","2005-08-23 22:50:12",31,Korolev,"Russian Federation"
394,"CHRIS BROTHERS",22,84.78,3.85,14,Action,11.50,"2005-05-26 08:44:08","2006-02-14 15:16:03",22,Gijón,Spain
395,"JOHNNY TURPIN",19,57.81,3.04,10,Music,4.50,"2005-06-15 07:30:22","2005-08-23 19:54:24",19,al-Qadarif,Sudan
396,"EARL SHANKS",27,111.73,4.14,11,Documentary,24.50,"2005-05-28 18:45:47","2005-08-22 16:15:33",27,Iwatsuki,Japan
397,"JIMMY SCHRADER",29,105.71,3.65,14,Drama,12.50,"2005-05-31 00:47:56","2005-08-22 11:17:37",29,Atšinsk,"Russian Federation"
398,"ANTONIO MEEK",16,78.84,4.93,9,Children,13.50,"2005-05-27 23:51:12","2005-08-22 15:56:42",16,Bagé,Brazil
399,"DANNY ISOM",21,91.79,4.37,10,Travel,14.50,"2005-05-25 00:02:21","2005-08-23 01:25:30",21,Okara,Pakistan
400,"BRYAN HARDISON",28,124.72,4.45,16,Sci-Fi,21.50,"2005-05-25 16:12:52","2005-08-23 20:23:08",28,Dallas,"United States"
401,"TONY CARRANZA",21,73.79,3.51,14,Documentary,8.50,"2005-05-26 02:50:31","2005-08-23 18:23:11",21,Koriyama,Japan
402,"LUIS YANEZ",20,79.80,3.99,13,Drama,10.00,"2005-05-29 17:35:50","2005-08-23 00:11:52",20,Brest,France
403,"MIKE WAY",35,166.65,4.76,15,Sci-Fi,24.00,"2005-05-27 18:12:13","2005-08-22 23:27:43",35,Valparai,India
404,"STANLEY SCROGGINS",30,139.70,4.66,13,Foreign,22.00,"2005-05-31 10:56:32","2005-08-22 19:28:02",30,Omiya,Japan
405,"LEONARD SCHOFIELD",32,109.68,3.43,13,Documentary,18.00,"2005-05-25 19:41:29","2006-02-14 15:16:03",32,Tandil,Argentina
406,"NATHAN RUNYON",32,122.68,3.83,13,Animation,13.50,"2005-05-30 02:00:28","2005-08-21 17:45:52",32,"Charlotte Amalie","Virgin Islands, U.S."
407,"DALE RATCLIFF",27,112.73,4.18,12,Games,23.00,"2005-05-28 15:52:26","2005-08-22 20:44:35",27,Rustenburg,"South Africa"
408,"MANUEL MURRELL",30,116.70,3.89,11,Children,12.50,"2005-05-24 23:03:39","2005-08-23 13:06:19",30,Jaffna,"Sri Lanka"
409,"RODNEY MOELLER",23,104.77,4.56,13,Documentary,20.00,"2005-05-26 22:41:07","2005-08-21 20:49:21",23,"Deba Habe",Nigeria
410,"CURTIS IRBY",38,167.62,4.41,14,Family,23.00,"2005-06-15 22:57:34","2006-02-14 15:16:03",38,"Richmond Hill",Canada
411,"NORMAN CURRIER",26,80.74,3.11,11,Animation,9.50,"2005-05-29 00:27:10","2006-02-14 15:16:03",26,Cianjur,Indonesia
412,"ALLEN BUTTERFIELD",21,85.79,4.09,9,Action,12.50,"2005-05-26 06:14:06","2006-02-14 15:16:03",21,Hoshiarpur,India
413,"MARVIN YEE",21,75.79,3.61,12,Children,5.50,"2005-05-25 05:09:04","2005-08-23 09:23:45",21,"Berhampore (Baharampur)",India
414,"VINCENT RALSTON",25,105.75,4.23,13,Travel,14.50,"2005-05-25 13:05:34","2005-08-23 01:59:14",25,Allende,Mexico
415,"GLENN PULLEN",23,93.77,4.08,14,Sports,11.50,"2005-05-28 21:38:39","2005-08-23 19:27:04",23,Amersfoort,Netherlands
416,"JEFFERY PINSON",31,121.69,3.93,15,Documentary,20.50,"2005-05-26 14:43:14","2005-08-23 12:55:51",31,Dadu,Pakistan
417,"TRAVIS ESTEP",25,110.75,4.43,10,Animation,18.00,"2005-05-26 16:16:21","2006-02-14 15:16:03",25,al-Qatif,"Saudi Arabia"
418,"JEFF EAST",30,107.70,3.59,15,Foreign,12.00,"2005-06-19 20:32:19","2005-08-23 19:21:22",30,"San Felipe de Puerto Plata","Dominican Republic"
419,"CHAD CARBONE",25,89.75,3.59,14,Documentary,10.50,"2005-05-25 09:18:52","2005-08-23 13:33:46",25,Katihar,India
420,"JACOB LANCE",21,79.79,3.80,12,Action,10.50,"2005-05-29 09:13:08","2005-08-23 06:21:20",21,"El Monte","United States"
421,"LEE HAWKS",27,119.73,4.43,12,Sci-Fi,11.50,"2005-05-28 02:31:19","2006-02-14 15:16:03",27,Pudukkottai,India
422,"MELVIN ELLINGTON",26,97.74,3.76,12,Sci-Fi,15.00,"2005-05-27 12:44:03","2006-02-14 15:16:03",26,Laohekou,China
423,"ALFRED CASILLAS",26,120.74,4.64,13,Drama,16.50,"2005-06-15 22:08:06","2005-08-23 12:46:38",26,Sawhaj,Egypt
424,"KYLE SPURLOCK",30,110.70,3.69,13,Drama,13.50,"2005-05-27 13:28:52","2006-02-14 15:16:03",30,Shanwei,China
425,"FRANCIS SIKES",26,104.74,4.03,14,Travel,12.50,"2005-05-31 13:51:48","2005-08-23 22:12:44",26,"San Juan Bautista Tuxtepec",Mexico
426,"BRADLEY MOTLEY",27,126.73,4.69,14,Documentary,22.00,"2005-05-28 14:37:07","2005-08-22 01:32:14",27,"Purnea (Purnia)",India
427,"JESUS MCCARTNEY",24,114.76,4.78,12,Documentary,25.50,"2005-05-25 12:17:46","2005-08-22 20:35:30",24,Guarujá,Brazil
428,"HERBERT KRUGER",20,78.80,3.94,12,Documentary,16.50,"2005-05-28 17:40:35","2005-08-17 00:40:03",20,Syktyvkar,"Russian Federation"
429,"FREDERICK ISBELL",21,105.79,5.04,12,Comedy,15.50,"2005-05-26 00:28:39","2005-08-21 14:04:39",21,Tsuyama,Japan
430,"RAY HOULE",22,79.78,3.63,11,Comedy,12.00,"2005-05-25 04:01:32","2005-08-22 09:11:48",22,Dzerzinsk,"Russian Federation"
431,"JOEL FRANCISCO",23,95.77,4.16,11,Children,14.50,"2005-05-31 17:27:45","2006-02-14 15:16:03",23,Sucre,Bolivia
432,"EDWIN BURK",23,116.77,5.08,11,Games,18.00,"2005-05-27 01:10:11","2005-08-23 10:56:15",23,Newcastle,"South Africa"
433,"DON BONE",25,133.75,5.35,13,Foreign,21.50,"2005-05-26 00:07:11","2005-08-23 02:40:04",25,Naçala-Porto,Mozambique
434,"EDDIE TOMLIN",27,128.73,4.77,12,Animation,21.00,"2005-05-28 02:40:50","2005-08-22 22:37:34",27,Ozamis,Philippines
435,"RICKY SHELBY",25,91.75,3.67,13,Animation,12.50,"2005-05-29 10:29:47","2005-08-22 13:19:25",25,Junan,China
436,"TROY QUIGLEY",30,144.70,4.82,14,Animation,29.50,"2005-05-25 05:59:39","2005-08-23 13:10:16",30,Vancouver,Canada
437,"RANDALL NEUMANN",23,99.77,4.34,11,Foreign,15.50,"2005-05-26 06:20:37","2005-08-22 07:52:18",23,"La Romana","Dominican Republic"
438,"BARRY LOVELACE",33,134.67,4.08,15,Games,18.00,"2005-05-25 02:40:21","2006-02-14 15:16:03",33,Kitwe,Zambia
439,"ALEXANDER FENNELL",36,151.64,4.21,14,Family,23.00,"2005-05-25 21:07:59","2005-08-23 21:27:35",36,Bergamo,Italy
440,"BERNARD COLBY",22,88.78,4.04,13,Drama,8.50,"2005-05-30 17:53:29","2006-02-14 15:16:03",22,"Dhule (Dhulia)",India
441,"MARIO CHEATHAM",28,112.72,4.03,14,New,13.50,"2005-05-29 21:39:37","2006-02-14 15:16:03",28,Batna,Algeria
442,"LEROY BUSTAMANTE",32,118.68,3.71,15,Drama,13.50,"2005-05-27 20:57:07","2005-08-22 16:35:25",32,Tongliao,China
443,"FRANCISCO SKIDMORE",22,98.78,4.49,13,Animation,15.50,"2005-05-31 09:32:15","2005-08-23 03:23:32",22,"São Leopoldo",Brazil
444,"MARCUS HIDALGO",30,115.70,3.86,15,Family,18.00,"2005-05-26 07:13:45","2005-08-23 14:55:47",30,Tartu,Estonia
445,"MICHEAL FORMAN",26,102.74,3.95,11,Animation,16.50,"2005-05-27 22:49:27","2005-08-23 17:36:00",26,Escobar,Argentina
446,"THEODORE CULP",31,116.69,3.76,13,Foreign,16.00,"2005-05-25 00:31:15","2005-08-23 19:10:32",31,Uluberia,India
447,"CLIFFORD BOWENS",29,113.71,3.92,13,Comedy,18.50,"2005-05-27 20:08:55","2005-08-23 21:59:57",29,"Nabereznyje Tšelny","Russian Federation"
448,"MIGUEL BETANCOURT",29,135.71,4.68,13,Travel,24.50,"2005-05-26 20:55:36","2006-02-14 15:16:03",29,Erlangen,Germany
449,"OSCAR AQUINO",20,99.80,4.99,13,Horror,20.00,"2005-05-26 15:47:40","2005-08-22 06:37:43",20,Sirjan,Iran
450,"JAY ROBB",26,89.74,3.45,12,Drama,13.00,"2005-05-28 07:34:56","2006-02-14 15:16:03",26,Surakarta,Indonesia
451,"JIM REA",33,128.67,3.90,14,Sci-Fi,19.00,"2005-05-25 11:31:59","2005-08-23 08:31:49",33,"El Fuerte",Mexico
452,"TOM MILNER",32,107.68,3.37,14,Action,15.00,"2005-05-27 06:12:26","2006-02-14 15:16:03",32,"Abu Dhabi","United Arab Emirates"
453,"CALVIN MARTEL",23,111.77,4.86,14,New,22.50,"2005-06-19 23:08:50","2005-08-23 07:25:38",23,Maracaíbo,Venezuela
454,"ALEX GRESHAM",33,151.67,4.60,16,Sports,19.50,"2005-05-29 08:08:13","2005-08-23 06:55:26",33,Uruapan,Mexico
455,"JON WILES",24,87.76,3.66,14,Documentary,11.00,"2005-05-25 19:13:25","2005-08-23 02:25:09",24,"El Alto",Bolivia
456,"RONNIE RICKETTS",25,100.75,4.03,12,Sci-Fi,11.00,"2005-05-25 01:17:24","2005-08-23 17:43:16",25,Ziguinchor,Senegal
457,"BILL GAVIN",28,114.72,4.10,12,Music,16.50,"2005-05-31 03:30:19","2006-02-14 15:16:03",28,Rockford,"United States"
458,"LLOYD DOWD",19,66.81,3.52,12,Foreign,11.00,"2005-06-19 08:42:12","2005-08-23 06:44:19",19,Tegal,Indonesia
459,"TOMMY COLLAZO",38,186.62,4.91,13,Family,27.50,"2005-05-24 22:54:33","2005-08-23 14:52:50",38,Qomsheh,Iran
460,"LEON BOSTIC",25,109.75,4.39,14,Animation,15.50,"2005-05-26 10:15:23","2005-08-23 19:14:07",25,Florencia,Colombia
461,"DEREK BLAKELY",28,97.72,3.49,12,Sci-Fi,14.00,"2005-05-29 00:13:15","2005-08-23 07:03:19",28,Gingoog,Philippines
462,"WARREN SHERROD",33,159.67,4.84,15,Horror,23.50,"2005-05-26 01:19:05","2005-08-23 21:17:17",33,Usolje-Sibirskoje,"Russian Federation"
463,"DARRELL POWER",25,91.75,3.67,12,Sci-Fi,11.50,"2005-05-28 08:53:02","2005-08-22 14:23:11",25,Halifax,Canada
464,"JEROME KENYON",16,73.84,4.62,10,Horror,16.00,"2005-05-26 21:22:07","2005-08-23 20:13:38",16,Rancagua,Chile
465,"FLOYD GANDY",17,69.83,4.11,10,Games,10.50,"2005-05-28 18:43:26","2005-08-23 16:08:15",17,Zapopan,Mexico
466,"LEO EBERT",23,104.77,4.56,13,Games,16.00,"2005-05-31 14:30:01","2005-08-23 21:00:22",23,Dongying,China
467,"ALVIN DELOACH",29,139.71,4.82,16,Children,22.50,"2005-05-26 10:27:50","2005-08-23 15:19:15",29,Cuauhtémoc,Mexico
468,"TIM CARY",39,175.61,4.50,16,Animation,30.50,"2005-05-25 17:17:04","2005-08-23 22:24:39",39,Bijapur,India
469,"WESLEY BULL",40,177.60,4.44,14,Games,36.00,"2005-05-26 03:07:43","2005-08-23 15:46:33",40,"Ourense (Orense)",Spain
470,"GORDON ALLARD",32,160.68,5.02,13,Action,25.50,"2005-05-25 08:58:25","2005-08-21 10:45:01",32,Hodeida,Yemen
471,"DEAN SAUER",27,109.73,4.06,13,Music,13.50,"2005-05-28 15:45:39","2005-08-23 08:34:53",27,Johannesburg,"South Africa"
472,"GREG ROBINS",30,141.70,4.72,12,Music,22.00,"2005-05-25 23:43:47","2006-02-14 15:16:03",30,"Nam Dinh",Vietnam
473,"JORGE OLIVARES",34,134.66,3.96,15,Travel,17.50,"2005-05-27 04:50:56","2005-08-23 21:46:47",34,Lhokseumawe,Indonesia
474,"DUSTIN GILLETTE",26,100.74,3.87,13,Family,14.50,"2005-05-29 20:26:39","2006-02-14 15:16:03",26,Emmen,Netherlands
475,"PEDRO CHESTNUT",24,103.76,4.32,10,Games,18.00,"2005-05-27 15:07:27","2005-08-22 19:23:58",24,Šostka,Ukraine
476,"DERRICK BOURQUE",22,95.78,4.35,12,Sci-Fi,13.00,"2005-05-28 00:09:12","2006-02-14 15:16:03",22,Gatineau,Canada
477,"DAN PAINE",22,109.78,4.99,12,Sports,14.00,"2005-05-30 06:16:06","2005-08-23 18:23:30",22,Stockport,"United Kingdom"
478,"LEWIS LYMAN",19,86.81,4.57,10,Action,14.00,"2005-06-16 14:08:44","2005-08-23 11:22:09",19,Ashqelon,Israel
479,"ZACHARY HITE",31,146.69,4.73,14,Comedy,28.00,"2005-05-25 21:46:54","2006-02-14 15:16:03",31,Akron,"United States"
480,"COREY HAUSER",22,101.78,4.63,14,Classics,19.00,"2005-05-28 03:18:02","2005-08-23 05:38:41",22,Gaziantep,Turkey
481,"HERMAN DEVORE",29,115.71,3.99,13,Games,12.50,"2005-05-31 15:12:15","2005-08-21 17:15:33",29,Mwanza,Tanzania
482,"MAURICE CRAWLEY",29,138.71,4.78,14,Foreign,20.00,"2005-05-26 15:32:46","2005-08-23 16:42:53",29,Coatzacoalcos,Mexico
483,"VERNON CHAPA",18,88.82,4.93,11,Comedy,13.50,"2005-05-29 08:36:30","2005-08-19 03:10:21",18,Denizli,Turkey
484,"ROBERTO VU",30,139.70,4.66,16,Drama,21.00,"2005-05-25 04:24:36","2005-08-23 21:49:22",30,Yinchuan,China
485,"CLYDE TOBIAS",29,115.71,3.99,14,Drama,19.50,"2005-05-31 01:47:35","2005-08-19 09:36:28",29,Shaoguan,China
486,"GLEN TALBERT",26,113.74,4.37,13,Drama,15.00,"2005-05-30 10:43:38","2005-08-21 06:44:37",26,Acuña,Mexico
487,"HECTOR POINDEXTER",26,119.74,4.61,13,Action,19.00,"2005-06-20 16:47:57","2005-08-23 08:59:12",26,Pjatigorsk,"Russian Federation"
488,"SHANE MILLARD",22,95.78,4.35,13,Drama,13.00,"2005-06-16 09:51:39","2005-08-23 02:37:19",22,"La Paz",Mexico
489,"RICARDO MEADOR",21,99.79,4.75,8,Family,13.50,"2005-05-26 09:41:45","2005-08-23 20:12:17",21,Okayama,Japan
490,"SAM MCDUFFIE",24,117.76,4.91,12,Animation,13.00,"2005-05-28 11:50:45","2005-08-23 00:55:24",24,Sogamoso,Colombia
491,"RICK MATTOX",27,124.73,4.62,14,Sci-Fi,14.00,"2005-05-27 23:26:45","2005-08-23 09:41:28",27,"Mit Ghamr",Egypt
492,"LESTER KRAUS",16,65.84,4.12,10,Travel,8.00,"2005-05-25 12:36:30","2005-08-23 19:22:36",16,Kanchrapara,India
493,"BRENT HARKINS",23,112.77,4.90,13,Horror,13.00,"2005-05-28 06:43:34","2006-02-14 15:16:03",23,Sultanbeyli,Turkey
494,"RAMON CHOATE",31,140.69,4.54,14,Sports,25.00,"2005-05-28 15:03:44","2005-08-22 19:28:04",31,Ríobamba,Ecuador
495,"CHARLIE BESS",26,120.74,4.64,14,Action,25.50,"2005-05-28 16:01:28","2006-02-14 15:16:03",26,Baiyin,China
496,"TYLER WREN",21,88.79,4.23,11,Drama,11.00,"2005-05-27 00:47:35","2006-02-14 15:16:03",21,Rizhao,China
497,"GILBERT SLEDGE",28,129.72,4.63,11,Family,16.00,"2005-05-31 14:03:21","2006-02-14 15:16:03",28,York,"United Kingdom"
498,"GENE SANBORN",27,97.73,3.62,14,New,18.50,"2005-05-25 06:39:35","2005-08-19 03:46:43",27,Salala,Oman
499,"MARC OUTLAW",30,123.70,4.12,15,Classics,19.00,"2005-05-25 14:28:29","2005-08-23 06:00:28",30,Brindisi,Italy
500,"REGINALD KINDER",28,115.72,4.13,13,New,18.00,"2005-05-25 18:57:24","2005-08-23 15:54:20",28,Madiun,Indonesia
501,"RUBEN GEARY",21,89.79,4.28,12,New,12.50,"2005-05-28 00:34:11","2005-08-23 10:20:35",21,Lublin,Poland
502,"BRETT CORNWELL",34,138.66,4.08,14,Documentary,20.50,"2005-05-26 15:28:14","2005-08-23 22:06:34",34,"Siliguri (Shiliguri)",India
503,"ANGEL BARCLAY",32,115.68,3.62,14,Sci-Fi,8.00,"2005-05-25 18:40:20","2005-08-23 14:13:47",32,Ueda,Japan
504,"NATHANIEL ADAM",28,133.72,4.78,14,Drama,22.00,"2005-05-25 22:02:30","2005-08-23 21:44:27",28,Joliet,"United States"
505,"RAFAEL ABNEY",21,97.79,4.66,11,Animation,15.50,"2005-05-26 01:34:28","2006-02-14 15:16:03",21,Talavera,Philippines
506,"LESLIE SEWARD",35,152.65,4.36,14,Action,33.00,"2005-05-25 19:12:42","2005-08-23 10:02:46",35,Pontianak,Indonesia
507,"EDGAR RHOADS",25,95.75,3.83,14,Horror,10.50,"2005-05-25 06:51:29","2005-08-22 23:04:21",25,Eskisehir,Turkey
508,"MILTON HOWLAND",25,127.75,5.11,14,Action,26.50,"2005-05-27 07:46:49","2006-02-14 15:16:03",25,Vijayawada,India
509,"RAUL FORTIER",20,100.80,5.04,11,Foreign,14.50,"2005-05-25 02:19:23","2005-08-23 19:46:39",20,Chapra,India
510,"BEN EASTER",26,122.74,4.72,13,Children,18.50,"2005-05-25 11:13:34","2005-08-22 10:46:44",26,Kamyšin,"Russian Federation"
511,"CHESTER BENNER",24,99.76,4.16,11,Action,13.00,"2005-05-25 08:28:11","2005-08-22 15:25:33",24,Suihua,China
512,"CECIL VINES",26,115.74,4.45,12,Sci-Fi,17.00,"2005-06-15 00:28:37","2006-02-14 15:16:03",26,London,"United Kingdom"
513,"DUANE TUBBS",31,148.69,4.80,13,Comedy,22.00,"2005-05-30 23:54:19","2005-08-23 04:20:16",31,Yangor,Nauru
514,"FRANKLIN TROUTMAN",22,74.78,3.40,13,Drama,8.50,"2005-05-28 06:17:33","2005-08-23 13:26:01",22,Zaoyang,China
515,"ANDRE RAPP",28,126.72,4.53,13,Classics,19.50,"2005-05-26 05:42:37","2005-08-22 18:55:52",28,Coquimbo,Chile
516,"ELMER NOE",26,98.74,3.80,15,Sci-Fi,15.50,"2005-05-27 03:47:18","2006-02-14 15:16:03",26,Battambang,Cambodia
517,"BRAD MCCURDY",25,105.75,4.23,13,Drama,9.50,"2005-05-30 01:35:12","2005-08-23 04:55:05",25,Chungho,Taiwan
518,"GABRIEL HARDER",26,111.74,4.30,11,Family,15.00,"2005-05-29 03:48:36","2005-08-23 00:28:16",26,Sivas,Turkey
519,"RON DELUCA",23,103.77,4.51,13,New,20.50,"2005-05-31 07:48:07","2005-08-22 21:12:19",23,Isesaki,Japan
520,"MITCHELL WESTMORELAND",32,134.68,4.21,15,Drama,19.50,"2005-05-30 18:45:17","2005-08-23 18:59:33",32,"Nha Trang",Vietnam
521,"ROLAND SOUTH",23,80.77,3.51,12,Family,14.00,"2005-06-16 17:49:57","2006-02-14 15:16:03",23,Yingkou,China
522,"ARNOLD HAVENS",33,167.67,5.08,16,Games,28.50,"2005-05-27 15:56:57","2005-08-23 18:06:54",33,"Santa Rosa",Philippines
523,"HARVEY GUAJARDO",22,93.78,4.26,12,Foreign,14.00,"2005-05-25 05:24:58","2005-08-22 09:41:09",22,Vinh,Vietnam
524,"JARED ELY",19,87.81,4.62,13,Animation,12.50,"2005-05-25 19:31:18","2005-08-22 16:33:39",19,Purwakarta,Indonesia
525,"ADRIAN CLARY",19,74.81,3.94,9,Family,12.00,"2005-05-27 17:47:22","2006-02-14 15:16:03",19,Udine,Italy
526,"KARL SEAL",45,221.55,4.92,15,Animation,41.50,"2005-05-28 00:40:48","2005-08-23 22:21:03",45,"Cape Coral","United States"
527,"CORY MEEHAN",24,81.76,3.41,11,Action,15.00,"2005-06-15 16:28:42","2006-02-14 15:16:03",24,Mogiljov,Belarus
528,"CLAUDE HERZOG",25,111.75,4.47,13,Comedy,17.50,"2005-05-26 07:30:37","2005-08-23 16:43:54",25,Benguela,Angola
529,"ERIK GUILLEN",29,118.71,4.09,13,Sci-Fi,16.00,"2005-05-27 19:31:16","2005-08-22 19:46:05",29,Bhimavaram,India
530,"DARRYL ASHCRAFT",23,76.77,3.34,14,Animation,9.00,"2005-05-30 01:35:15","2006-02-14 15:16:03",23,Ezeiza,Argentina
531,"JAMIE WAUGH",25,118.75,4.75,13,Sports,16.00,"2005-05-26 11:43:44","2005-08-22 21:36:51",25,Kuwana,Japan
532,"NEIL RENNER",32,152.68,4.77,14,Classics,27.50,"2005-05-25 05:39:25","2006-02-14 15:16:03",32,"Cam Ranh",Vietnam
533,"JESSIE MILAM",33,141.67,4.29,13,Sports,23.50,"2005-05-26 03:42:10","2006-02-14 15:16:03",33,Binzhou,China
534,"CHRISTIAN JUNG",24,88.76,3.70,13,Family,15.50,"2005-05-26 21:21:28","2006-02-14 15:16:03",24,Amroha,India
535,"JAVIER ELROD",32,135.68,4.24,15,Sports,22.00,"2005-05-25 04:44:31","2005-08-23 21:27:11",32,NDjamna,Chad
536,"FERNANDO CHURCHILL",25,117.75,4.71,13,Music,17.50,"2005-05-26 12:15:13","2005-08-23 20:08:26",25,Tonghae,"South Korea"
537,"CLINTON BUFORD",25,103.75,4.15,14,Family,13.50,"2005-05-28 14:27:51","2006-02-14 15:16:03",25,Aurora,"United States"
538,"TED BREAUX",29,117.71,4.06,14,Sports,14.50,"2005-05-28 13:41:56","2005-08-22 21:01:25",29,Baicheng,China
539,"MATHEW BOLIN",22,90.78,4.13,11,Sports,15.50,"2005-05-26 14:30:24","2005-08-22 21:24:19",22,Valencia,Venezuela
540,"TYRONE ASHER",24,112.76,4.70,14,Sci-Fi,14.50,"2005-06-15 06:56:39","2005-08-23 19:13:46",24,Ruse,Bulgaria
541,"DARREN WINDHAM",24,108.76,4.53,14,Animation,21.50,"2005-05-31 03:16:15","2005-08-23 18:08:59",24,Livorno,Italy
542,"LONNIE TIRADO",18,94.82,5.27,10,Sports,17.50,"2005-05-26 10:06:49","2005-08-22 07:20:55",18,"Pangkal Pinang",Indonesia
543,"LANCE PEMBERTON",22,82.78,3.76,13,Foreign,8.50,"2005-05-26 13:06:05","2005-08-23 13:46:27",22,Beni-Mellal,Morocco
544,"CODY NOLEN",22,98.78,4.49,13,Family,17.50,"2005-05-27 12:29:02","2005-08-23 06:48:47",22,"São Bernardo do Campo",Brazil
545,"JULIO NOLAND",21,89.79,4.28,11,Family,12.50,"2005-05-26 14:07:58","2005-08-23 20:41:09",21,Konotop,Ukraine
546,"KELLY KNOTT",25,103.75,4.15,13,Action,15.50,"2005-05-26 06:59:21","2005-08-23 05:13:09",25,Sanya,China
547,"KURT EMMONS",23,99.77,4.34,12,Classics,11.50,"2005-05-26 21:31:57","2005-08-22 03:57:08",23,Kanazawa,Japan
548,"ALLAN CORNISH",19,79.81,4.20,10,Children,14.50,"2005-05-26 04:14:29","2006-02-14 15:16:03",19,Tarlac,Philippines
549,"NELSON CHRISTENSON",20,77.80,3.89,11,Games,8.00,"2005-05-24 23:08:07","2005-08-21 11:40:46",20,"Santiago de Compostela",Spain
550,"GUY BROWNLEE",32,159.68,4.99,15,Family,27.00,"2005-05-30 11:55:55","2006-02-14 15:16:03",32,Zhoushan,China
551,"CLAYTON BARBEE",26,96.74,3.72,15,Sci-Fi,15.50,"2005-05-26 01:15:05","2005-08-22 22:57:25",26,Alvorada,Brazil
552,"HUGH WALDROP",21,90.79,4.32,13,Classics,13.00,"2005-05-26 03:44:10","2005-08-23 10:21:21",21,Haining,China
553,"MAX PITT",24,107.76,4.49,14,Sci-Fi,15.00,"2005-05-29 16:17:07","2005-08-23 02:48:24",24,"Novi Sad",Yugoslavia
554,"DWAYNE OLVERA",22,101.78,4.63,11,New,11.50,"2005-05-28 15:02:41","2005-08-23 09:53:30",22,Rajkot,India
555,"DWIGHT LOMBARDI",17,74.83,4.40,10,Sports,15.00,"2005-06-21 02:30:37","2005-08-22 11:58:58",17,Chatsworth,"South Africa"
556,"ARMANDO GRUBER",21,83.79,3.99,13,Games,15.50,"2005-05-26 05:29:49","2005-08-23 05:24:09",21,Southport,"United Kingdom"
557,"FELIX GAFFNEY",24,73.76,3.07,14,Children,8.00,"2005-05-27 21:10:03","2006-02-14 15:16:03",24,Vilnius,Lithuania
558,"JIMMIE EGGLESTON",28,135.72,4.85,13,Foreign,23.00,"2005-06-17 09:19:52","2005-08-21 06:53:53",28,Wroclaw,Poland
559,"EVERETT BANDA",28,110.72,3.95,14,Animation,20.50,"2005-06-19 04:34:15","2005-08-23 16:33:33",28,Bilbays,Egypt
560,"JORDAN ARCHULETA",30,132.70,4.42,13,Action,20.50,"2005-05-25 22:25:18","2006-02-14 15:16:03",30,Avellaneda,Argentina
561,"IAN STILL",27,96.73,3.58,12,Animation,16.00,"2005-05-30 09:53:36","2006-02-14 15:16:03",27,Garland,"United States"
562,"WALLACE SLONE",25,109.75,4.39,14,Foreign,18.50,"2005-05-29 16:13:55","2005-08-23 17:16:30",25,Sokoto,Nigeria
563,"KEN PREWITT",29,110.71,3.82,14,Horror,20.00,"2005-05-29 10:31:56","2005-08-23 15:45:42",29,Bucuresti,Romania
564,"BOB PFEIFFER",24,91.76,3.82,12,Classics,16.00,"2005-05-26 06:52:36","2005-08-22 10:22:00",24,Xintai,China
565,"JAIME NETTLES",29,126.71,4.37,16,Family,22.00,"2005-05-27 19:58:36","2005-08-23 16:50:43",29,Huánuco,Peru
566,"CASEY MENA",34,141.66,4.17,16,Action,23.00,"2005-05-26 11:47:20","2005-08-21 07:13:46",34,Tokat,Turkey
567,"ALFREDO MCADAMS",20,85.80,4.29,12,Travel,8.00,"2005-06-19 12:58:53","2005-08-23 06:18:43",20,Serpuhov,"Russian Federation"
568,"ALBERTO HENNING",21,66.79,3.18,12,Documentary,3.00,"2005-06-16 10:07:10","2006-02-14 15:16:03",21,Barcelona,Venezuela
569,"DAVE GARDINER",32,134.68,4.21,14,Sports,16.50,"2005-05-25 07:19:16","2005-08-23 21:48:54",32,Leshan,China
570,"IVAN CROMWELL",26,99.74,3.84,12,Documentary,14.00,"2005-05-31 08:21:43","2006-02-14 15:16:03",26,Monclova,Mexico
571,"JOHNNIE CHISHOLM",24,121.76,5.07,13,Sports,20.00,"2005-05-26 10:54:28","2005-08-23 15:35:59",24,Plock,Poland
572,"SIDNEY BURLESON",25,108.75,4.35,14,Sports,23.00,"2005-05-28 08:39:02","2005-08-20 08:59:38",25,Czestochowa,Poland
573,"BYRON BOX",29,120.71,4.16,15,Documentary,22.00,"2005-05-29 21:58:43","2005-08-19 11:27:20",29,Zhezqazghan,Kazakstan
574,"JULIAN VEST",28,109.72,3.92,14,Children,13.00,"2005-05-27 16:40:40","2005-08-22 16:53:29",28,Akishima,Japan
575,"ISAAC OGLESBY",29,126.71,4.37,13,Music,14.00,"2005-05-25 01:06:36","2005-08-23 15:59:51",29,Cuernavaca,Mexico
576,"MORRIS MCCARTER",34,139.66,4.11,13,New,16.00,"2005-05-29 10:26:29","2006-02-14 15:16:03",34,Fengshan,Taiwan
577,"CLIFTON MALCOLM",27,117.73,4.36,15,Action,22.50,"2005-05-26 20:20:47","2005-08-23 20:47:28",27,Tanshui,Taiwan
578,"WILLARD LUMPKIN",22,96.78,4.40,12,Family,13.50,"2005-05-28 20:53:31","2005-08-23 08:34:10",22,Carmen,Mexico
579,"DARYL LARUE",27,111.73,4.14,13,Sports,21.50,"2005-06-18 17:37:45","2006-02-14 15:16:03",27,Mosul,Iraq
580,"ROSS GREY",27,99.73,3.69,14,Foreign,15.50,"2005-05-28 15:18:18","2005-08-23 18:54:32",27,Iligan,Philippines
581,"VIRGIL WOFFORD",27,107.73,3.99,12,Foreign,19.50,"2005-05-30 21:11:19","2005-08-23 14:05:37",27,"José Azueta",Mexico
582,"ANDY VANHORN",25,113.75,4.55,13,Sci-Fi,20.50,"2005-05-26 18:49:35","2006-02-14 15:16:03",25,"Huejutla de Reyes",Mexico
583,"MARSHALL THORN",23,117.77,5.12,11,Games,21.50,"2005-06-15 18:19:30","2005-08-21 06:00:22",23,Southampton,"United Kingdom"
584,"SALVADOR TEEL",30,129.70,4.32,14,Comedy,18.00,"2005-05-27 09:25:32","2005-08-23 07:06:00",30,Banjul,Gambia
585,"PERRY SWAFFORD",24,117.76,4.91,12,Sports,17.00,"2005-06-15 12:29:41","2006-02-14 15:16:03",24,Quilmes,Argentina
586,"KIRK STCLAIR",19,64.81,3.41,12,Drama,6.00,"2005-05-25 22:48:22","2005-08-23 09:40:04",19,Tsaotun,Taiwan
587,"SERGIO STANFIELD",26,108.74,4.18,13,Documentary,13.50,"2005-05-26 04:47:06","2006-02-14 15:16:03",26,Celaya,Mexico
588,"MARION OCAMPO",29,115.71,3.99,11,Classics,10.50,"2005-05-28 10:56:10","2005-08-22 16:37:32",29,Weifang,China
589,"TRACY HERRMANN",28,129.72,4.63,14,Comedy,20.00,"2005-05-28 05:23:38","2005-08-23 20:28:32",28,Loja,Ecuador
590,"SETH HANNON",25,112.75,4.51,11,Sports,15.00,"2005-05-28 14:15:54","2006-02-14 15:16:03",25,al-Manama,Bahrain
591,"KENT ARSENAULT",27,134.73,4.99,11,Sports,21.00,"2005-06-15 17:51:27","2005-08-20 15:05:42",27,"Juiz de Fora",Brazil
592,"TERRANCE ROUSH",29,111.71,3.85,13,Family,18.50,"2005-06-14 23:12:46","2006-02-14 15:16:03",29,Székesfehérvár,Hungary
593,"RENE MCALISTER",26,113.74,4.37,15,Horror,21.00,"2005-05-29 16:19:29","2005-08-21 19:35:59",26,"Garden Grove","United States"
594,"EDUARDO HIATT",27,130.73,4.84,12,Sports,22.00,"2005-05-26 22:56:19","2005-08-22 07:54:47",27,Jining,China
595,"TERRENCE GUNDERSON",30,117.70,3.92,16,Documentary,16.00,"2005-05-28 15:27:22","2005-08-23 21:26:35",30,Jinzhou,China
596,"ENRIQUE FORSYTHE",28,96.72,3.45,14,Sports,9.50,"2005-05-26 21:16:52","2006-02-14 15:16:03",28,Patras,Greece
597,"FREDDIE DUGGAN",25,99.75,3.99,13,Foreign,10.50,"2005-05-25 04:19:28","2006-02-14 15:16:03",25,Sullana,Peru
598,"WADE DELVALLE",22,83.78,3.81,13,Drama,12.00,"2005-06-20 10:10:29","2005-08-23 00:44:15",22,Lausanne,Switzerland
599,"AUSTIN CINTRON",19,83.81,4.41,11,Sci-Fi,11.50,"2005-05-31 01:18:56","2005-08-23 11:25:00",19,Tieli,China
